SEASON_ID,PLAYER_ID,GAME_ID,GAME_DATE,MATCHUP,WL,MIN,FGM,FGA,FG_PCT,FG3M,FG3A,FG3_PCT,FTM,FTA,FT_PCT,OREB,DREB,REB,AST,STL,BLK,TOV,PF,PTS,PLUS_MINUS,VIDEO_AVAILABLE,PLAYER_NAME,EFF,TS_PCT,USG_PCT,PIE,OPPONENT_ABBREVIATION,OPPONENT_TEAM_ID,DEF_RATING,OPP_PTS_OFF_TOV,OPP_PTS_2ND_CHANCE,PIE_AVG_LAST_5,USG_PCT_AVG_LAST_5,PTS_AVG_LAST_5,REB_AVG_LAST_5,AST_AVG_LAST_5,EFF_AVG_LAST_5,TS_PCT_AVG_LAST_5,MIN_AVG_LAST_5,FG_PCT_AVG_LAST_5,HOME_GAME,REST_DAYS
22024,2544,0022400311,2024-12-01,LAL @ UTA,W,36,12,28,0.42857142857142855,0,9,0.0,3,3,1.0,1,4,5,14,0,2,3,1,27,0,1,LeBron James,29,0.46043656207366984,0.4,0.177,UTA,1610612762,118.1,23.2,15.0,0.177,0.4,27.0,5.0,14.0,29.0,0.46043656207366984,36.0,0.42857142857142855,0,0.0
22024,2544,0022400137,2024-11-01,LAL @ TOR,W,36,9,17,0.5294117647058824,5,8,0.625,4,6,0.667,0,6,6,10,1,0,0,1,27,11,1,LeBron James,34,0.6873727087576375,0.22,0.188,TOR,1610612761,115.6,20.7,15.3,0.1825,0.31,27.0,5.5,12.0,31.5,0.5739046354156536,36.0,0.4789915966386554,0,-30.0
22024,2544,0022400156,2024-11-04,LAL @ DET,L,40,7,16,0.4375,1,2,0.5,5,5,1.0,1,7,8,11,2,0,1,1,20,-16,1,LeBron James,31,0.5494505494505495,0.207,0.179,DET,1610612765,112.2,20.0,14.9,0.18133333333333335,0.27566666666666667,24.666666666666668,6.333333333333333,11.666666666666666,31.333333333333332,0.5657532734272857,37.333333333333336,0.4651610644257704,0,3.0
22024,2544,0022400174,2024-11-06,LAL @ MEM,L,35,15,24,0.625,6,11,0.545,3,4,0.75,0,7,7,6,1,0,5,2,39,-21,1,LeBron James,38,0.7569875776397516,0.337,0.208,MEM,1610612763,108.7,20.3,15.0,0.188,0.29100000000000004,28.25,6.5,10.25,33.0,0.613561849480402,36.75,0.5051207983193278,0,2.0
22024,2544,0022400195,2024-11-08,LAL vs. PHI,W,34,9,14,0.6428571428571429,2,4,0.5,1,1,1.0,0,12,12,13,0,3,2,0,21,12,1,LeBron James,42,0.7271468144044322,0.211,0.243,PHI,1610612755,112.9,17.9,13.9,0.199,0.275,26.8,7.6,10.8,34.8,0.636278842465208,36.2,0.5326680672268908,1,2.0
22024,2544,0022400211,2024-11-10,LAL vs. TOR,W,35,6,14,0.42857142857142855,0,3,0.0,7,7,1.0,2,8,10,16,1,0,3,0,19,13,1,LeBron James,35,0.5562060889929743,0.229,0.219,TOR,1610612761,115.6,20.7,15.3,0.20739999999999997,0.2408,25.2,8.6,11.2,36.0,0.6554327478490689,36.0,0.5326680672268908,1,2.0
22024,2544,0022400225,2024-11-13,LAL vs. MEM,W,37,13,22,0.5909090909090909,4,7,0.571,5,8,0.625,1,11,12,14,1,0,6,2,35,3,1,LeBron James,44,0.6857366771159875,0.326,0.239,MEM,1610612763,108.7,20.3,15.0,0.21760000000000002,0.262,26.8,9.8,12.0,38.0,0.655105541520739,36.2,0.5449675324675324,1,3.0
22024,2544,0022400015,2024-11-15,LAL @ SAS,W,38,6,12,0.5,1,4,0.25,2,4,0.5,1,15,16,12,1,0,7,0,15,3,1,LeBron James,29,0.5450581395348837,0.236,0.148,SAS,1610612759,112.2,16.5,15.9,0.21139999999999998,0.2678,25.8,11.4,12.2,37.6,0.6542270595376058,35.8,0.5574675324675324,0,2.0
22024,2544,0022400231,2024-11-16,LAL @ NOP,W,37,8,19,0.42105263157894735,2,7,0.286,3,5,0.6,4,3,7,5,1,0,6,1,21,1,1,LeBron James,15,0.49528301886792453,0.318,0.096,NOP,1610612740,118.0,18.4,14.8,0.189,0.264,22.2,11.4,12.0,33.0,0.6018861477832405,36.2,0.516678058783322,0,1.0
22024,2544,0022400026,2024-11-19,LAL vs. UTA,W,34,9,17,0.5294117647058824,1,5,0.2,7,11,0.636,0,2,2,12,0,0,4,1,26,-5,1,LeBron James,24,0.5952380952380952,0.338,0.153,UTA,1610612762,118.1,23.2,15.0,0.17099999999999999,0.2894,23.2,9.4,11.8,29.4,0.5755044039499732,36.2,0.4939889831530698,1,3.0
22024,2544,0022400263,2024-11-21,LAL vs. ORL,L,37,12,22,0.5454545454545454,5,9,0.556,2,4,0.5,2,8,10,7,0,1,4,0,31,-8,1,LeBron James,33,0.6523569023569024,0.307,0.196,ORL,1610612753,104.5,17.3,10.3,0.1664,0.30500000000000005,25.6,9.4,10.0,29.0,0.5947345666227587,36.6,0.5173656065296932,1,2.0
22024,2544,0022400270,2024-11-23,LAL vs. DEN,L,35,7,17,0.4117647058823529,1,4,0.25,3,3,1.0,0,6,6,7,3,0,6,3,18,-25,1,LeBron James,18,0.4912663755458515,0.288,0.092,DEN,1610612743,114.2,16.3,14.9,0.137,0.2974,22.2,8.2,8.6,23.8,0.5558405063087315,36.2,0.4815367295243457,1,2.0
22024,2544,0022400039,2024-11-26,LAL @ PHX,L,35,7,16,0.4375,2,7,0.286,2,2,1.0,1,7,8,10,0,0,5,0,18,-30,1,LeBron James,22,0.533175355450237,0.265,0.126,PHX,1610612756,114.3,16.2,12.6,0.1326,0.3032,22.8,6.6,8.2,22.4,0.5534639494918021,35.6,0.46903672952434566,0,3.0
22024,2544,0022400296,2024-11-27,LAL @ SAS,W,33,8,18,0.4444444444444444,0,2,0.0,0,0,0.0,3,7,10,11,1,1,5,0,16,4,1,LeBron James,24,0.4444444444444444,0.295,0.152,SAS,1610612759,112.2,16.5,15.9,0.14379999999999998,0.2986,21.8,7.2,9.4,24.2,0.5432962346071061,34.8,0.473715092097445,0,1.0
22024,2544,0022400048,2024-11-29,LAL vs. OKC,L,34,5,13,0.38461538461538464,0,4,0.0,2,2,1.0,0,8,8,6,0,0,5,0,12,-12,1,LeBron James,13,0.4322766570605187,0.247,0.101,OKC,1610612760,103.6,12.3,17.0,0.13340000000000002,0.2804,19.0,8.4,8.2,22.0,0.5107039469715907,34.8,0.4447558160793455,1,2.0
22024,2544,0022400062,2024-10-22,LAL vs. MIN,W,35,7,16,0.4375,1,4,0.25,1,1,1.0,0,5,5,4,0,2,2,3,16,-6,1,LeBron James,16,0.48661800486618,0.214,0.107,MIN,1610612750,111.4,20.0,13.9,0.11560000000000001,0.2618,16.0,7.4,7.6,18.6,0.47755616747344626,34.4,0.4231649069884364,1,-38.0
22024,2544,0022400085,2024-10-25,LAL vs. PHX,W,35,7,13,0.5384615384615384,2,5,0.4,5,8,0.625,0,4,4,8,0,0,2,1,21,14,1,LeBron James,22,0.635593220338983,0.232,0.12,PHX,1610612756,114.3,16.2,12.6,0.1212,0.2506,16.6,7.0,7.8,19.4,0.5064215364320727,34.4,0.4485042735042735,1,3.0
22024,2544,0022400096,2024-10-26,LAL vs. SAC,W,34,12,22,0.5454545454545454,4,9,0.444,4,4,1.0,0,14,14,10,0,1,5,3,32,13,1,LeBron James,42,0.6734006734006733,0.308,0.222,SAC,1610612758,113.6,18.5,13.1,0.1404,0.2592,19.4,8.2,7.8,23.4,0.5344666000221598,34.2,0.47009518259518257,1,1.0
22024,2544,0022400111,2024-10-28,LAL @ PHX,L,36,3,14,0.21428571428571427,2,5,0.4,3,6,0.5,0,5,5,8,1,0,2,1,11,-17,1,LeBron James,9,0.33052884615384615,0.218,0.052,PHX,1610612756,114.3,16.2,12.6,0.1204,0.24380000000000002,18.4,7.2,7.2,20.4,0.5116834803640403,34.8,0.42406343656343654,0,2.0
22024,2544,0022400118,2024-10-30,LAL @ CLE,L,29,9,13,0.6923076923076923,1,3,0.333,7,7,1.0,1,5,6,3,0,0,6,2,26,-17,1,LeBron James,25,0.8084577114427861,0.31,0.16,CLE,1610612739,111.7,16.8,13.6,0.1322,0.2564,21.2,6.8,6.6,22.8,0.5869196912404937,33.8,0.48560189810189813,0,2.0
22024,201142,0022400149,2024-11-02,PHX vs. POR,W,38,7,16,0.4375,3,8,0.375,4,5,0.8,1,8,9,2,0,0,3,1,21,9,1,Kevin Durant,19,0.576923076923077,0.223,0.123,POR,1610612757,114.3,21.0,14.7,0.123,0.223,21.0,9.0,2.0,19.0,0.576923076923077,38.0,0.4375,1,0.0
22024,201142,0022400167,2024-11-04,PHX vs. PHI,W,39,14,20,0.7,2,5,0.4,5,5,1.0,0,4,4,6,0,1,3,2,35,9,1,Kevin Durant,37,0.7882882882882883,0.287,0.186,PHI,1610612755,112.9,17.9,13.9,0.1545,0.255,28.0,6.5,4.0,28.0,0.6826056826056827,38.5,0.56875,1,2.0
22024,201142,0022400178,2024-11-06,PHX vs. MIA,W,37,13,23,0.5652173913043478,4,11,0.364,2,3,0.667,0,8,8,3,1,1,6,1,32,-1,1,Kevin Durant,28,0.6578947368421053,0.366,0.148,MIA,1610612748,111.6,15.0,14.2,0.15233333333333332,0.292,29.333333333333332,7.0,3.6666666666666665,28.0,0.6743687006844903,38.0,0.567572463768116,1,2.0
22024,201142,0022400190,2024-11-08,PHX @ DAL,W,37,8,14,0.5714285714285714,3,6,0.5,7,7,1.0,1,4,5,4,1,2,1,2,26,11,1,Kevin Durant,31,0.7611241217798596,0.225,0.172,DAL,1610612742,110.5,15.7,13.9,0.15725,0.27525,28.5,6.5,3.75,28.75,0.6960575559583325,37.75,0.5685364906832298,0,2.0
22024,201142,0022400039,2024-11-26,PHX vs. LAL,W,30,9,17,0.5294117647058824,3,6,0.5,2,2,1.0,1,5,6,2,0,0,0,2,23,21,1,Kevin Durant,23,0.6431767337807607,0.269,0.135,LAL,1610612747,116.9,16.6,15.2,0.1528,0.274,27.4,6.4,3.4,27.6,0.6854813915228182,36.2,0.5607115454877603,1,18.0
22024,201142,0022400297,2024-11-27,PHX vs. BKN,L,33,10,18,0.5555555555555556,3,6,0.5,7,10,0.7,0,8,8,2,0,3,7,3,30,-2,1,Kevin Durant,25,0.6696428571428572,0.417,0.156,BKN,1610612751,116.8,19.2,14.1,0.1594,0.31279999999999997,29.2,6.2,3.4,28.8,0.7040253475667742,35.2,0.5843226565988714,1,1.0
22024,201142,0022400303,2024-11-30,PHX vs. GSW,W,36,7,20,0.35,3,8,0.375,4,6,0.667,0,10,10,3,0,3,3,1,21,4,1,Kevin Durant,19,0.46378091872791516,0.325,0.092,GSW,1610612744,107.7,15.9,14.3,0.1406,0.32039999999999996,26.4,7.4,2.8,25.2,0.6391238736546996,34.6,0.5143226565988714,1,3.0
22024,201142,0022400071,2024-10-23,PHX @ LAC,W,44,8,17,0.47058823529411764,2,5,0.4,7,9,0.778,0,7,7,0,3,1,7,4,25,-2,1,Kevin Durant,18,0.5963740458015266,0.295,0.087,LAC,1610612746,107.7,19.3,12.0,0.12840000000000001,0.30619999999999997,25.0,7.2,2.2,23.2,0.6268197354465838,36.0,0.4953968253968254,0,-38.0
22024,201142,0022400085,2024-10-25,PHX @ LAL,L,39,11,17,0.6470588235294118,2,3,0.667,6,7,0.857,0,4,4,6,0,1,3,3,30,-13,1,Kevin Durant,31,0.7470119521912352,0.264,0.149,LAL,1610612747,116.9,16.6,15.2,0.1238,0.314,25.8,7.0,2.6,23.2,0.623997301528859,36.4,0.5105228758169935,0,2.0
22024,201142,0022400095,2024-10-26,PHX vs. DAL,W,39,10,21,0.47619047619047616,4,8,0.5,7,9,0.778,0,9,9,2,1,1,1,0,31,11,1,Kevin Durant,30,0.6209935897435898,0.292,0.206,DAL,1610612742,110.5,15.7,13.9,0.13799999999999998,0.3186,27.4,7.6,2.6,24.6,0.6195606727214249,38.2,0.4998786181139122,1,1.0
22024,201142,0022400111,2024-10-28,PHX vs. LAL,W,38,11,20,0.55,2,6,0.333,6,7,0.857,0,8,8,4,0,4,2,2,30,-6,1,Kevin Durant,34,0.6499133448873484,0.298,0.183,LAL,1610612747,116.9,16.6,15.2,0.14340000000000003,0.2948,27.4,7.6,3.0,26.4,0.6156147702703231,39.2,0.49876750700280115,1,2.0
22024,201142,0022400131,2024-10-31,PHX @ LAC,W,39,7,13,0.5384615384615384,2,4,0.5,2,3,0.667,0,5,5,4,1,2,4,1,18,-2,1,Kevin Durant,19,0.6284916201117319,0.212,0.087,LAC,1610612746,107.7,19.3,12.0,0.1424,0.2722,26.8,6.6,3.2,26.4,0.6485569105470864,39.8,0.5364598146951087,0,3.0
22024,201939,0022400155,2024-11-04,GSW @ WAS,W,24,7,15,0.4666666666666667,4,9,0.444,6,6,1.0,1,2,3,6,0,0,2,1,24,9,1,Stephen Curry,23,0.6802721088435374,0.311,0.169,WAS,1610612764,118.9,20.1,15.7,0.169,0.311,24.0,3.0,6.0,23.0,0.6802721088435374,24.0,0.4666666666666667,0,0.0
22024,201939,0022400172,2024-11-06,GSW @ BOS,W,34,8,17,0.47058823529411764,4,9,0.444,7,7,1.0,0,7,7,9,4,1,3,2,27,7,1,Stephen Curry,36,0.6723107569721116,0.265,0.239,BOS,1610612738,111.1,13.6,12.7,0.20400000000000001,0.28800000000000003,25.5,5.0,7.5,29.5,0.6762914329078245,29.0,0.46862745098039216,0,2.0
22024,201939,0022400188,2024-11-08,GSW @ CLE,L,24,5,10,0.5,1,4,0.25,1,1,1.0,0,1,1,2,2,0,6,0,12,-25,1,Stephen Curry,6,0.574712643678161,0.286,0.044,CLE,1610612739,111.7,16.8,13.6,0.15066666666666667,0.28733333333333333,21.0,3.6666666666666665,5.666666666666667,21.666666666666668,0.6424318364979367,27.333333333333332,0.47908496732026146,0,2.0
22024,201939,0022400207,2024-11-10,GSW @ OKC,W,37,13,23,0.5652173913043478,7,13,0.538,3,4,0.75,1,4,5,7,1,1,3,2,36,21,1,Stephen Curry,36,0.7269789983844911,0.29,0.184,OKC,1610612760,103.6,12.3,17.0,0.159,0.288,24.75,4.0,6.0,25.25,0.6635686269695753,29.75,0.500618073316283,0,2.0
22024,201939,0022400007,2024-11-12,GSW vs. DAL,W,35,14,27,0.5185185185185185,5,12,0.417,4,5,0.8,0,6,6,9,1,2,4,2,37,24,1,Stephen Curry,37,0.6335616438356164,0.371,0.231,DAL,1610612742,110.5,15.7,13.9,0.1734,0.3046,27.2,4.4,6.6,27.6,0.6575672303427835,30.8,0.5041981623567301,1,2.0
22024,201939,0022400019,2024-11-15,GSW vs. MEM,W,26,4,9,0.4444444444444444,3,7,0.429,2,2,1.0,1,7,8,5,4,0,3,2,13,9,1,Stephen Curry,22,0.6578947368421052,0.186,0.183,MEM,1610612763,108.7,20.3,15.0,0.1762,0.2796,25.0,5.4,6.4,27.4,0.6530917559424971,31.2,0.4997537179122856,1,3.0
22024,201939,0022400251,2024-11-18,GSW @ LAC,L,32,10,21,0.47619047619047616,6,15,0.4,0,0,0.0,1,6,7,6,0,1,3,1,26,-5,1,Stephen Curry,26,0.6190476190476191,0.312,0.173,LAC,1610612746,107.7,19.3,12.0,0.16299999999999998,0.289,24.8,5.4,5.8,25.4,0.6424391283575985,30.8,0.5008741660915573,0,3.0
22024,201939,0022400258,2024-11-20,GSW vs. ATL,W,30,7,10,0.7,4,6,0.667,5,5,1.0,0,4,4,8,2,1,5,0,23,27,1,Stephen Curry,30,0.9426229508196722,0.215,0.183,ATL,1610612737,114.4,20.9,14.7,0.19080000000000003,0.2748,27.0,6.0,7.0,30.2,0.7160211897859007,32.0,0.5408741660915573,1,2.0
22024,201939,0022400032,2024-11-22,GSW @ NOP,W,33,6,13,0.46153846153846156,4,7,0.571,3,3,1.0,0,7,7,7,1,1,4,3,19,4,1,Stephen Curry,24,0.6634078212290503,0.22,0.137,NOP,1610612740,118.0,18.4,14.8,0.1814,0.26080000000000003,23.6,6.4,7.0,27.8,0.7033069543548126,31.2,0.5201383801383801,0,2.0
22024,201939,0022400269,2024-11-23,GSW @ SAS,L,32,5,16,0.3125,3,10,0.3,1,1,1.0,2,5,7,5,0,0,3,1,14,4,1,Stephen Curry,12,0.4257907542579075,0.247,0.079,SAS,1610612759,112.2,16.5,15.9,0.151,0.23600000000000004,19.0,6.6,6.2,22.8,0.6617527764392709,30.6,0.47893467643467635,0,1.0
22024,201939,0022400284,2024-11-25,GSW vs. BKN,L,29,8,17,0.47058823529411764,8,16,0.5,4,4,1.0,0,4,4,7,1,0,3,0,28,-4,1,Stephen Curry,28,0.7462686567164178,0.3,0.16,BKN,1610612751,116.8,19.2,14.1,0.1464,0.25880000000000003,22.0,5.8,6.6,24.0,0.6794275604141333,31.2,0.4841634346046111,1,2.0
22024,201939,0022400303,2024-11-30,GSW @ PHX,L,32,8,21,0.38095238095238093,3,10,0.3,4,5,0.8,1,6,7,4,0,0,0,1,23,4,1,Stephen Curry,20,0.4956896551724138,0.319,0.11,PHX,1610612756,114.3,16.2,12.6,0.1338,0.2602,21.4,5.8,6.2,22.8,0.6547559676390924,31.2,0.465115815556992,0,5.0
22024,201939,0022400072,2024-10-23,GSW @ POR,W,25,4,10,0.4,3,7,0.429,6,6,1.0,0,9,9,10,2,0,2,0,17,23,1,Stephen Curry,30,0.6724683544303797,0.217,0.234,POR,1610612757,114.3,21.0,14.7,0.144,0.26060000000000005,20.2,6.8,6.6,22.8,0.6007250483612339,30.2,0.40511581555699205,0,-38.0
22024,201939,0022400084,2024-10-25,GSW @ UTA,W,27,7,20,0.35,4,13,0.308,2,2,1.0,0,3,3,4,2,0,3,3,20,22,1,Stephen Curry,13,0.47892720306513414,0.333,0.08,UTA,1610612762,118.1,23.2,15.0,0.1326,0.2832,20.4,6.0,6.0,20.6,0.5638289247284506,29.0,0.38280812324929975,0,2.0
22024,201939,0022400101,2024-10-27,GSW vs. LAC,L,27,6,11,0.5454545454545454,4,7,0.571,2,2,1.0,0,4,4,6,2,1,6,1,18,2,1,Stephen Curry,20,0.7575757575757576,0.281,0.15,LAC,1610612746,107.7,19.3,12.0,0.14679999999999999,0.29000000000000004,21.2,5.4,6.2,22.2,0.6301859253920206,28.0,0.4293990323402088,1,2.0
22024,203507,0022400145,2024-11-02,MIL vs. CLE,L,39,15,27,0.5555555555555556,0,0,0.0,4,7,0.571,6,10,16,9,1,0,0,5,34,5,1,Giannis Antetokounmpo,45,0.5651595744680852,0.322,0.22,CLE,1610612739,111.7,16.8,13.6,0.22,0.322,34.0,16.0,9.0,45.0,0.5651595744680852,39.0,0.5555555555555556,1,0.0
22024,203507,0022400182,2024-11-07,MIL vs. UTA,W,30,11,21,0.5238095238095238,0,0,0.0,9,12,0.75,6,10,16,2,1,1,4,5,31,27,1,Giannis Antetokounmpo,34,0.5898021308980212,0.443,0.205,UTA,1610612762,118.1,23.2,15.0,0.2125,0.3825,32.5,16.0,5.5,39.5,0.5774808526830533,34.5,0.5396825396825398,1,5.0
22024,203507,0022400189,2024-11-08,MIL @ NYK,L,32,11,21,0.5238095238095238,0,1,0.0,2,6,0.333,3,9,12,2,0,2,1,2,24,-17,1,Giannis Antetokounmpo,25,0.5076142131979695,0.379,0.155,NYK,1610612752,114.6,14.0,12.9,0.19333333333333333,0.38133333333333336,29.666666666666668,14.666666666666666,4.333333333333333,34.666666666666664,0.5541919728546919,33.666666666666664,0.5343915343915344,0,1.0
22024,203507,0022400202,2024-11-10,MIL vs. BOS,L,39,18,29,0.6206896551724138,1,2,0.5,6,10,0.6,1,12,13,5,0,2,1,4,43,-6,1,Giannis Antetokounmpo,47,0.6437125748502994,0.375,0.24,BOS,1610612738,111.1,13.6,12.7,0.205,0.37975000000000003,33.0,14.25,4.5,37.75,0.5765721233535939,35.0,0.5559660645867542,1,2.0
22024,203507,0022400005,2024-11-12,MIL vs. TOR,W,33,9,12,0.75,0,1,0.0,5,9,0.556,1,3,4,7,0,4,4,2,23,1,1,Giannis Antetokounmpo,27,0.7205513784461153,0.253,0.164,TOR,1610612761,115.6,20.7,15.3,0.1968,0.3544,31.0,12.2,5.0,35.6,0.6053679743720981,34.6,0.5947728516694034,1,2.0
22024,203507,0022400223,2024-11-13,MIL vs. DET,W,44,21,34,0.6176470588235294,1,2,0.5,16,17,0.941,3,11,14,7,2,3,3,1,59,7,1,Giannis Antetokounmpo,68,0.7111861137897781,0.44,0.323,DET,1610612765,112.2,20.0,14.9,0.21739999999999998,0.378,36.0,11.8,4.6,40.2,0.6345732822364367,35.6,0.6071911523229981,1,1.0
22024,203507,0022400229,2024-11-16,MIL @ CHA,L,33,11,22,0.5,0,1,0.0,0,1,0.0,2,13,15,12,0,2,2,2,22,-2,1,Giannis Antetokounmpo,37,0.49019607843137253,0.312,0.189,CHA,1610612766,113.5,18.8,13.7,0.2142,0.3518,34.2,11.6,6.6,40.8,0.614652071743107,36.2,0.6024292475610934,0,3.0
22024,203507,0022400248,2024-11-18,MIL vs. HOU,W,36,9,17,0.5294117647058824,0,0,0.0,2,7,0.286,2,11,13,4,0,3,8,3,20,-2,1,Giannis Antetokounmpo,19,0.4980079681274901,0.346,0.116,HOU,1610612745,104.3,13.9,14.3,0.2064,0.3452,33.4,11.8,7.0,39.6,0.6127308227290111,37.0,0.6035496957403652,1,2.0
22024,203507,0022400253,2024-11-20,MIL vs. CHI,W,35,17,24,0.7083333333333334,0,1,0.0,7,14,0.5,1,8,9,8,1,0,1,1,41,7,1,Giannis Antetokounmpo,44,0.6797082228116711,0.38,0.281,CHI,1610612741,118.4,17.7,13.5,0.21459999999999999,0.34619999999999995,33.0,11.0,7.6,39.0,0.6199299523212854,36.2,0.621078431372549,1,2.0
22024,203507,0022400029,2024-11-22,MIL vs. IND,W,35,14,21,0.6666666666666666,0,0,0.0,9,11,0.818,2,8,10,11,2,1,6,4,37,16,1,Giannis Antetokounmpo,46,0.7159442724458205,0.352,0.221,IND,1610612754,116.9,18.5,13.5,0.22600000000000003,0.366,35.8,12.2,8.4,42.8,0.6190085311212264,36.6,0.6044117647058824,1,2.0
22024,203507,0022400268,2024-11-23,MIL vs. CHA,W,31,12,23,0.5217391304347826,1,3,0.333,7,10,0.7,2,9,11,6,0,2,4,1,32,-2,1,Giannis Antetokounmpo,33,0.5839416058394161,0.41,0.192,CHA,1610612766,113.5,18.8,13.7,0.19980000000000003,0.36,30.4,11.6,8.2,35.8,0.593559629531154,34.0,0.585230179028133,1,1.0
22024,203507,0022400302,2024-11-30,MIL vs. WAS,W,38,15,24,0.625,0,0,0.0,12,17,0.706,2,10,12,11,0,1,4,0,42,9,1,Giannis Antetokounmpo,48,0.6670902160101652,0.4,0.266,WAS,1610612764,118.9,20.1,15.7,0.2152,0.3776,34.4,11.0,8.0,38.0,0.6289384570469125,35.0,0.610230179028133,1,7.0
22024,203507,0022400066,2024-10-23,MIL @ PHI,W,31,8,11,0.7272727272727273,0,0,0.0,9,16,0.563,1,13,14,7,0,1,3,4,25,7,1,Giannis Antetokounmpo,34,0.6929046563192905,0.309,0.253,PHI,1610612755,112.9,17.9,13.9,0.2426,0.3702,35.4,11.2,8.6,41.0,0.6679177946852727,34.0,0.649802371541502,0,-38.0
22024,203507,0022400083,2024-10-25,MIL vs. CHI,L,35,15,23,0.6521739130434783,0,1,0.0,8,16,0.5,1,10,11,5,0,0,3,1,38,-12,1,Giannis Antetokounmpo,35,0.6324900133155792,0.379,0.166,CHI,1610612741,118.4,17.7,13.5,0.21960000000000002,0.37,34.8,11.6,8.0,39.2,0.6584741527860543,34.0,0.638570487483531,1,2.0
22024,203507,0022400098,2024-10-27,MIL @ BKN,L,33,7,11,0.6363636363636364,0,0,0.0,8,11,0.727,1,11,12,7,1,1,4,3,22,-11,1,Giannis Antetokounmpo,32,0.6944444444444444,0.27,0.224,BKN,1610612751,116.8,19.2,14.1,0.2202,0.3536,31.8,12.0,7.2,36.4,0.654174187185779,33.6,0.632509881422925,0,2.0
22024,203507,0022400104,2024-10-28,MIL @ BOS,L,39,14,26,0.5384615384615384,0,2,0.0,2,6,0.333,1,9,10,6,0,0,7,4,30,-19,1,Giannis Antetokounmpo,23,0.5237430167597765,0.398,0.117,BOS,1610612738,111.1,13.6,12.7,0.2052,0.3512,31.4,11.8,7.2,34.4,0.6421344693698512,35.2,0.6358543630282761,0,1.0
22024,203507,0022400128,2024-10-31,MIL @ MEM,L,34,17,22,0.7727272727272727,0,0,0.0,3,8,0.375,1,10,11,4,1,1,1,4,37,0,1,Giannis Antetokounmpo,43,0.7249216300940439,0.321,0.286,MEM,1610612763,108.7,20.3,15.0,0.2092,0.33540000000000003,30.4,11.6,5.8,33.4,0.6537007521866269,34.4,0.6653998175737306,0,3.0
22024,1629029,0022400312,2024-12-01,DAL @ POR,W,36,15,24,0.625,4,10,0.4,2,4,0.5,0,7,7,13,3,0,3,2,36,1,1,Luka Dončić,45,0.6987577639751552,0.326,0.207,POR,1610612757,114.3,21.0,14.7,0.207,0.326,36.0,7.0,13.0,45.0,0.6987577639751552,36.0,0.625,0,0.0
22024,1629029,0022400153,2024-11-03,DAL vs. ORL,W,32,11,22,0.5,5,13,0.385,5,7,0.714,1,8,9,7,0,0,4,3,32,21,1,Luka Dončić,31,0.6379585326953748,0.372,0.214,ORL,1610612753,104.5,17.3,10.3,0.2105,0.349,34.0,8.0,10.0,38.0,0.668358148335265,34.0,0.5625,1,-28.0
22024,1629029,0022400165,2024-11-04,DAL vs. IND,L,42,9,24,0.375,4,10,0.4,12,15,0.8,0,7,7,15,2,0,2,3,34,-3,1,Luka Dončić,38,0.5555555555555556,0.337,0.148,IND,1610612754,116.9,18.5,13.5,0.18966666666666665,0.34500000000000003,34.0,7.666666666666667,11.666666666666666,38.0,0.6307572840753619,36.666666666666664,0.5,1,1.0
22024,1629029,0022400176,2024-11-06,DAL vs. CHI,W,32,8,19,0.42105263157894735,3,8,0.375,8,9,0.889,0,7,7,13,4,0,5,3,27,35,1,Luka Dončić,34,0.587979094076655,0.341,0.254,CHI,1610612741,118.4,17.7,13.5,0.20575,0.34400000000000003,32.25,7.5,12.0,37.0,0.6200627365756852,35.5,0.48026315789473684,1,2.0
22024,1629029,0022400190,2024-11-08,DAL vs. PHX,L,42,11,25,0.44,5,12,0.417,3,3,1.0,0,7,7,7,1,0,3,3,30,-4,1,Luka Dončić,28,0.5699088145896657,0.322,0.145,PHX,1610612756,114.3,16.2,12.6,0.1936,0.3396,31.8,7.4,11.0,35.2,0.6100319521784813,36.8,0.47221052631578947,1,2.0
22024,1629029,0022400208,2024-11-10,DAL @ DEN,L,41,9,19,0.47368421052631576,2,8,0.25,4,6,0.667,1,8,9,9,1,1,5,2,24,5,1,Luka Dončić,27,0.5545286506469501,0.284,0.117,DEN,1610612743,114.2,16.3,14.9,0.1756,0.3312,29.4,7.8,10.2,31.6,0.5811861295128402,37.8,0.44194736842105264,0,2.0
22024,1629029,0022400007,2024-11-12,DAL @ GSW,L,41,13,27,0.48148148148148145,2,10,0.2,3,3,1.0,0,8,8,6,3,0,5,2,31,2,1,Luka Dončić,29,0.547316384180791,0.33,0.15,GSW,1610612744,107.7,15.9,14.3,0.16279999999999997,0.32280000000000003,29.2,7.6,10.0,31.2,0.5630576998099235,39.6,0.43824366471734894,0,2.0
22024,1629029,0022400228,2024-11-14,DAL @ UTA,L,38,13,25,0.52,4,13,0.308,7,7,1.0,1,6,7,9,1,0,3,0,37,-8,1,Luka Dončić,39,0.6588319088319089,0.344,0.25,UTA,1610612762,118.1,23.2,15.0,0.18319999999999997,0.3242,29.8,7.6,8.8,31.4,0.5837129704651941,38.8,0.4672436647173489,0,2.0
22024,1629029,0022400232,2024-11-16,DAL vs. SAS,W,28,6,16,0.375,3,9,0.333,1,3,0.333,2,4,6,6,2,0,4,4,16,15,1,Luka Dončić,14,0.4618937644341801,0.304,0.088,SAS,1610612759,112.2,16.5,15.9,0.15,0.31679999999999997,27.6,7.4,7.4,27.4,0.5584959045366993,38.0,0.45803313840155946,1,2.0
22024,1629029,0022400024,2024-11-19,DAL vs. NOP,W,30,10,16,0.625,3,8,0.375,3,5,0.6,0,5,5,5,3,1,3,0,26,28,1,Luka Dončić,29,0.7142857142857143,0.288,0.242,NOP,1610612740,118.0,18.4,14.8,0.1694,0.31,26.8,7.0,7.0,27.6,0.5873712844759089,35.6,0.4950331384015595,1,3.0
22024,1629029,0022400074,2024-10-24,DAL vs. SAS,W,36,9,25,0.36,4,11,0.364,6,8,0.75,1,9,10,8,1,1,4,3,28,6,2,Luka Dončić,26,0.4908835904628331,0.351,0.126,SAS,1610612759,112.2,16.5,15.9,0.1712,0.3234,27.6,7.2,6.8,27.4,0.5746422724390856,34.6,0.47229629629629627,1,-26.0
22024,1629029,0022400095,2024-10-26,DAL @ PHX,L,39,12,25,0.48,5,13,0.385,11,12,0.917,1,9,10,4,0,1,2,4,40,-12,1,Luka Dončić,39,0.6605019815059445,0.344,0.246,PHX,1610612756,114.3,16.2,12.6,0.19039999999999999,0.32619999999999993,29.4,7.6,6.4,29.4,0.5972793919041163,34.2,0.472,0,2.0
22024,1629029,0022400110,2024-10-28,DAL vs. UTA,W,33,5,22,0.22727272727272727,1,9,0.111,4,6,0.667,0,9,9,8,2,1,2,5,15,5,1,Luka Dončić,14,0.30438311688311687,0.318,0.066,UTA,1610612762,118.1,23.2,15.0,0.1536,0.321,25.0,8.0,6.2,24.4,0.5263896335143577,33.2,0.41345454545454546,1,2.0
22024,1629029,0022400114,2024-10-29,DAL @ MIN,W,40,10,27,0.37037037037037035,1,8,0.125,3,4,0.75,1,7,8,8,1,0,3,2,24,3,1,Luka Dončić,20,0.4172461752433936,0.333,0.101,MIN,1610612750,111.4,20.0,13.9,0.15619999999999998,0.3268,26.6,8.4,6.6,25.6,0.5174601156762004,35.6,0.4125286195286195,0,1.0
22024,1629029,0022400129,2024-10-31,DAL vs. HOU,L,38,12,25,0.48,3,7,0.429,2,4,0.5,0,5,5,2,1,0,1,5,29,-2,1,Luka Dončić,21,0.5418535127055306,0.337,0.14,HOU,1610612745,104.3,13.9,14.3,0.1358,0.3366,27.2,8.4,6.0,24.0,0.48297367536016367,37.2,0.3835286195286195,1,2.0
22024,203954,0022400004,2024-11-12,PHI vs. NYK,L,26,2,11,0.18181818181818182,1,5,0.2,8,8,1.0,1,2,3,5,0,1,2,3,13,-7,1,Joel Embiid,11,0.4476584022038568,0.274,0.065,NYK,1610612752,114.6,14.0,12.9,0.065,0.274,13.0,3.0,5.0,11.0,0.4476584022038568,26.0,0.18181818181818182,1,0.0
22024,203954,0022400010,2024-11-15,PHI @ ORL,L,33,5,15,0.3333333333333333,0,5,0.0,10,10,1.0,1,7,8,2,1,1,6,2,20,-9,1,Joel Embiid,16,0.5154639175257733,0.352,0.142,ORL,1610612753,104.5,17.3,10.3,0.1035,0.313,16.5,5.5,3.5,13.5,0.481561159864815,29.5,0.25757575757575757,0,3.0
22024,203954,0022400245,2024-11-18,PHI @ MIA,L,31,5,11,0.45454545454545453,1,3,0.333,0,0,0.0,1,7,8,5,0,1,2,1,11,-22,1,Joel Embiid,17,0.5,0.2,0.12,MIA,1610612748,111.6,15.0,14.2,0.10899999999999999,0.2753333333333334,14.666666666666666,6.333333333333333,4.0,14.666666666666666,0.4877074399098767,30.0,0.32323232323232326,0,3.0
22024,203954,0022400255,2024-11-20,PHI @ MEM,L,35,10,21,0.47619047619047616,1,5,0.2,14,14,1.0,2,9,11,2,1,1,3,5,35,7,1,Joel Embiid,36,0.6443298969072165,0.378,0.224,MEM,1610612763,108.7,20.3,15.0,0.13774999999999998,0.301,19.75,7.5,3.5,20.0,0.5268630541592116,31.25,0.36147186147186144,0,2.0
22024,1628369,0022400307,2024-12-01,BOS @ CLE,L,38,12,27,0.4444444444444444,4,9,0.444,5,5,1.0,0,8,8,4,1,1,2,2,33,1,1,Jayson Tatum,30,0.565068493150685,0.32,0.17,CLE,1610612739,111.7,16.8,13.6,0.17,0.32,33.0,8.0,4.0,30.0,0.565068493150685,38.0,0.4444444444444444,0,0.0
22024,1628369,0022400132,2024-11-01,BOS @ CHA,W,36,9,19,0.47368421052631576,3,9,0.333,11,13,0.846,1,10,11,3,3,1,5,1,32,16,1,Jayson Tatum,33,0.6472491909385114,0.302,0.237,CHA,1610612766,113.5,18.8,13.7,0.20350000000000001,0.311,32.5,9.5,3.5,31.5,0.6061588420445982,37.0,0.45906432748538006,0,-30.0
22024,1628369,0022400141,2024-11-02,BOS @ CHA,W,34,7,15,0.4666666666666667,1,9,0.111,14,17,0.824,0,7,7,3,0,0,5,3,29,4,1,Jayson Tatum,23,0.645017793594306,0.338,0.175,CHA,1610612766,113.5,18.8,13.7,0.19399999999999998,0.32,31.333333333333332,8.666666666666666,3.3333333333333335,28.666666666666668,0.6191118258945009,36.0,0.46159844054580895,0,1.0
22024,1628369,0022400157,2024-11-04,BOS @ ATL,W,30,10,21,0.47619047619047616,6,14,0.429,2,3,0.667,0,6,6,9,2,0,1,0,28,27,1,Jayson Tatum,32,0.6272401433691757,0.319,0.222,ATL,1610612737,114.4,20.9,14.7,0.201,0.31975,30.5,8.0,4.75,29.5,0.6211439052631695,34.5,0.46524644945697574,0,2.0
22024,1628369,0022400172,2024-11-06,BOS vs. GSW,L,37,10,20,0.5,5,10,0.5,7,9,0.778,0,4,4,2,1,1,4,3,32,-5,1,Jayson Tatum,24,0.667779632721202,0.31,0.121,GSW,1610612744,107.7,15.9,14.3,0.185,0.31779999999999997,30.8,7.2,4.2,28.4,0.630471050754776,35.0,0.47219715956558056,1,2.0
22024,1628369,0022400187,2024-11-08,BOS vs. BKN,W,42,11,25,0.44,5,13,0.385,6,7,0.857,0,9,9,6,2,1,3,3,33,10,1,Jayson Tatum,33,0.5876068376068376,0.333,0.189,BKN,1610612751,116.8,19.2,14.1,0.1888,0.32039999999999996,30.8,7.4,4.6,29.0,0.6349787196460065,35.8,0.4713082706766917,1,2.0
22024,1628369,0022400202,2024-11-10,BOS @ MIL,W,40,7,21,0.3333333333333333,4,12,0.333,13,15,0.867,0,12,12,6,0,0,5,3,31,9,1,Jayson Tatum,28,0.5615942028985507,0.348,0.152,MIL,1610612749,112.7,18.5,13.0,0.1718,0.3296,30.6,7.6,5.2,28.0,0.6178477220380143,36.6,0.4432380952380952,0,2.0
22024,1628369,0022400001,2024-11-12,BOS vs. ATL,L,37,5,16,0.3125,2,9,0.222,8,8,1.0,0,6,6,8,1,2,5,3,20,4,1,Jayson Tatum,21,0.5122950819672131,0.279,0.093,ATL,1610612737,114.4,20.9,14.7,0.1554,0.31779999999999997,28.8,7.4,6.2,27.6,0.5913031797125958,37.2,0.41240476190476183,1,2.0
22024,1628369,0022400218,2024-11-13,BOS @ BKN,W,35,12,19,0.631578947368421,5,6,0.833,7,9,0.778,1,8,9,10,0,0,1,3,36,24,1,Jayson Tatum,45,0.7839721254355401,0.28,0.22,BKN,1610612751,116.8,19.2,14.1,0.15499999999999997,0.31000000000000005,30.4,8.0,6.4,30.2,0.6226495761258686,38.2,0.44348245614035087,0,1.0
22024,1628369,0022400230,2024-11-16,BOS vs. TOR,W,42,7,19,0.3684210526315789,5,12,0.417,5,5,1.0,0,11,11,9,0,0,2,3,24,1,1,Jayson Tatum,30,0.5660377358490566,0.235,0.165,TOR,1610612761,115.6,20.7,15.3,0.1638,0.29500000000000004,28.8,9.4,7.8,31.4,0.6023011967514396,39.2,0.4171666666666667,1,3.0
22024,1628369,0022400021,2024-11-19,BOS vs. CLE,W,38,11,22,0.5,6,10,0.6,5,7,0.714,0,12,12,7,2,0,4,3,33,2,1,Jayson Tatum,37,0.6578947368421053,0.349,0.183,CLE,1610612739,111.7,16.8,13.6,0.1626,0.29819999999999997,28.8,10.0,8.0,32.2,0.6163587765984933,38.4,0.4291666666666667,1,3.0
22024,1628369,0022400028,2024-11-22,BOS @ WAS,W,37,6,19,0.3157894736842105,0,10,0.0,4,6,0.667,1,8,9,8,2,0,3,2,16,20,1,Jayson Tatum,17,0.36968576709796674,0.284,0.105,WAS,1610612764,118.9,20.1,15.7,0.1532,0.2854,25.8,9.4,8.4,30.0,0.5779770894383763,37.8,0.425657894736842,0,3.0
22024,1628369,0022400271,2024-11-24,BOS vs. MIN,W,38,8,21,0.38095238095238093,5,12,0.417,5,6,0.833,0,8,8,4,2,0,1,4,26,7,1,Jayson Tatum,25,0.5499153976311336,0.289,0.149,MIN,1610612750,111.4,20.0,13.9,0.16440000000000002,0.2874,27.0,9.8,7.6,30.8,0.5855011525711605,38.0,0.4393483709273182,1,2.0
22024,1628369,0022400281,2024-11-25,BOS vs. LAC,W,30,7,15,0.4666666666666667,2,6,0.333,4,6,0.667,1,8,9,4,0,2,3,1,20,15,1,Jayson Tatum,22,0.5668934240362812,0.282,0.139,LAC,1610612746,107.7,19.3,12.0,0.14820000000000003,0.2878,23.8,9.8,6.4,26.2,0.5420854122913086,37.0,0.40636591478696743,1,1.0
22024,1628369,0022400047,2024-11-29,BOS @ CHI,W,36,12,18,0.6666666666666666,4,8,0.5,7,10,0.7,1,13,14,5,1,1,3,0,35,13,1,Jayson Tatum,44,0.78125,0.278,0.21,CHI,1610612741,118.4,17.7,13.5,0.1572,0.2964,26.0,10.4,5.6,29.0,0.5851278651214973,35.8,0.466015037593985,0,4.0
22024,1628369,0022400061,2024-10-22,BOS vs. NYK,W,30,14,18,0.7777777777777778,8,11,0.727,1,2,0.5,0,4,4,10,1,1,1,1,37,26,1,Jayson Tatum,47,0.9798728813559322,0.303,0.241,NYK,1610612752,114.6,14.0,12.9,0.1688,0.2872,26.8,8.8,6.2,31.0,0.6495234940242627,34.2,0.5215705931495405,1,-38.0
22024,1628369,0022400073,2024-10-24,BOS @ WAS,W,29,9,20,0.45,3,11,0.273,4,7,0.571,2,9,11,6,1,0,1,1,25,14,1,Jayson Tatum,28,0.5415944540727904,0.338,0.205,WAS,1610612764,118.9,20.1,15.7,0.1888,0.298,28.6,9.2,5.8,33.2,0.6839052314192274,32.6,0.5484126984126985,0,2.0
22024,1628369,0022400089,2024-10-26,BOS @ DET,W,38,12,26,0.46153846153846156,6,13,0.462,7,9,0.778,1,3,4,2,2,1,1,5,37,1,1,Jayson Tatum,29,0.6174899866488651,0.337,0.156,DET,1610612765,112.2,20.0,14.9,0.19019999999999998,0.3076,30.8,8.4,5.4,34.0,0.6974201492227737,32.6,0.5645299145299145,0,2.0
22024,1628369,0022400104,2024-10-28,BOS vs. MIL,W,36,6,16,0.375,1,8,0.125,2,2,1.0,0,8,8,4,2,1,3,5,15,18,1,Jayson Tatum,17,0.4443127962085308,0.233,0.077,MIL,1610612749,112.7,18.5,13.0,0.1778,0.2978,29.8,8.2,5.4,33.0,0.6729040236572237,33.8,0.5461965811965813,1,2.0
22024,1628369,0022400119,2024-10-30,BOS @ IND,L,43,10,25,0.4,5,18,0.278,12,15,0.8,1,7,8,4,4,0,3,3,37,-7,1,Jayson Tatum,32,0.5854430379746836,0.299,0.157,IND,1610612754,116.9,18.5,13.5,0.1672,0.302,30.2,7.0,5.2,30.6,0.6337426312521603,35.2,0.49286324786324787,0,2.0
22024,203999,0022400314,2024-12-01,DEN @ LAC,L,39,12,24,0.5,2,7,0.286,2,4,0.5,3,11,14,11,1,1,5,3,28,-7,1,Nikola Jokić,36,0.5434782608695652,0.337,0.168,LAC,1610612746,107.7,19.3,12.0,0.168,0.337,28.0,14.0,11.0,36.0,0.5434782608695652,39.0,0.5,0,0.0
22024,203999,0022400139,2024-11-01,DEN @ MIN,L,40,8,16,0.5,2,3,0.667,8,10,0.8,2,7,9,13,3,1,3,1,26,6,1,Nikola Jokić,39,0.6372549019607844,0.232,0.189,MIN,1610612750,111.4,20.0,13.9,0.1785,0.28450000000000003,27.0,11.5,12.0,37.5,0.5903665814151748,39.5,0.5,0,-30.0
22024,203999,0022400148,2024-11-02,DEN vs. UTA,W,30,10,18,0.5555555555555556,3,4,0.75,4,4,1.0,5,11,16,9,1,0,5,1,27,31,1,Nikola Jokić,40,0.6831983805668016,0.312,0.296,UTA,1610612762,118.1,23.2,15.0,0.21766666666666667,0.2936666666666667,27.0,13.0,11.0,38.333333333333336,0.6213105144657171,36.333333333333336,0.5185185185185185,1,1.0
22024,203999,0022400166,2024-11-04,DEN vs. TOR,W,38,10,22,0.45454545454545453,1,5,0.2,7,8,0.875,5,9,14,13,1,2,7,2,28,-1,1,Nikola Jokić,38,0.54858934169279,0.337,0.179,TOR,1610612761,115.6,20.7,15.3,0.20800000000000002,0.3045,27.25,13.25,11.5,38.25,0.6031302212724853,36.75,0.5025252525252525,1,2.0
22024,203999,0022400177,2024-11-06,DEN vs. OKC,W,39,9,20,0.45,1,3,0.333,4,6,0.667,7,13,20,16,2,2,5,2,23,8,1,Nikola Jokić,45,0.5079505300353356,0.267,0.188,OKC,1610612760,103.6,12.3,17.0,0.20400000000000001,0.29700000000000004,26.4,14.6,12.4,39.6,0.5840942830250554,37.2,0.492020202020202,1,2.0
22024,203999,0022400194,2024-11-08,DEN vs. MIA,W,40,11,13,0.8461538461538461,1,1,1.0,7,7,1.0,2,9,11,14,2,0,5,2,30,26,1,Nikola Jokić,50,0.9328358208955225,0.228,0.204,MIA,1610612748,111.6,15.0,14.2,0.2112,0.2752,26.8,14.0,13.0,42.4,0.6619657950302469,37.4,0.5612509712509712,1,2.0
22024,203999,0022400208,2024-11-10,DEN vs. DAL,W,38,13,21,0.6190476190476191,3,3,1.0,8,8,1.0,8,10,18,15,3,0,4,2,37,13,1,Nikola Jokić,61,0.7544861337683524,0.326,0.278,DAL,1610612742,110.5,15.7,13.9,0.229,0.29400000000000004,29.0,15.8,13.4,46.8,0.6854120413917604,37.0,0.5850604950604951,1,2.0
22024,203999,0022400033,2024-11-22,DEN vs. DAL,L,39,13,22,0.5909090909090909,2,2,1.0,5,7,0.714,6,11,17,10,0,0,3,0,33,4,1,Nikola Jokić,46,0.6578947368421053,0.28,0.215,DAL,1610612742,110.5,15.7,13.9,0.21280000000000002,0.2876,30.2,16.0,13.6,48.0,0.6803513126468211,38.8,0.5921312021312021,1,12.0
22024,203999,0022400270,2024-11-23,DEN @ LAL,W,37,12,20,0.6,3,7,0.429,7,8,0.875,2,11,13,8,2,1,6,3,34,39,1,Nikola Jokić,43,0.7227891156462585,0.349,0.224,LAL,1610612747,116.9,16.6,15.2,0.2218,0.29000000000000004,31.4,15.8,12.6,49.0,0.7151912674375149,38.6,0.6212221112221112,0,1.0
22024,203999,0022400283,2024-11-25,DEN vs. NYK,L,32,9,20,0.45,2,7,0.286,2,2,1.0,3,4,7,7,1,0,0,1,22,-20,1,Nikola Jokić,26,0.5268199233716475,0.269,0.129,NYK,1610612752,114.6,14.0,12.9,0.21000000000000002,0.2904,31.2,13.2,10.8,45.2,0.7189651461047772,37.2,0.6212221112221112,1,2.0
22024,203999,0022400298,2024-11-27,DEN @ UTA,W,34,13,19,0.6842105263157895,2,3,0.667,2,3,0.667,3,7,10,7,1,1,1,1,30,20,1,Nikola Jokić,41,0.7381889763779528,0.28,0.22,UTA,1610612762,118.1,23.2,15.0,0.2132,0.3008,31.2,13.0,9.4,43.4,0.6800357772012633,36.0,0.5888334472544999,0,2.0
22024,203999,0022400075,2024-10-24,DEN vs. OKC,L,35,6,13,0.46153846153846156,1,3,0.333,3,4,0.75,4,8,12,13,2,1,3,3,16,-9,1,Nikola Jokić,33,0.5420054200542006,0.191,0.186,OKC,1610612760,103.6,12.3,17.0,0.1948,0.2738,27.0,11.8,9.0,37.8,0.637539634458433,35.4,0.5573316157526683,1,-34.0
22024,203999,0022400087,2024-10-26,DEN vs. LAC,L,37,14,26,0.5384615384615384,7,12,0.583,6,8,0.75,3,6,9,4,2,1,5,2,41,7,1,Nikola Jokić,38,0.6944444444444444,0.412,0.209,LAC,1610612746,107.7,19.3,12.0,0.1936,0.30019999999999997,28.6,10.2,7.8,36.2,0.6448495759789007,35.0,0.5468421052631578,1,2.0
22024,203999,0022400107,2024-10-28,DEN @ TOR,W,44,18,27,0.6666666666666666,3,5,0.6,1,2,0.5,3,7,10,4,1,2,3,2,40,9,1,Nikola Jokić,44,0.7173601147776184,0.298,0.206,TOR,1610612761,115.6,20.7,15.3,0.19,0.29000000000000004,29.8,9.6,7.0,36.4,0.6437637758051726,36.4,0.5601754385964912,0,2.0
22024,203999,0022400113,2024-10-29,DEN @ BKN,W,41,9,16,0.5625,0,0,0.0,11,13,0.846,6,12,18,16,0,1,1,3,29,8,1,Nikola Jokić,54,0.6675874769797422,0.245,0.225,BKN,1610612751,116.8,19.2,14.1,0.20919999999999997,0.2852,31.2,11.8,8.8,42.0,0.6719172865267917,38.2,0.5826754385964913,0,1.0
22024,1628983,0022400310,2024-12-01,OKC @ HOU,L,36,10,19,0.5263157894736842,3,7,0.429,9,11,0.818,2,6,8,5,2,0,2,2,32,6,1,Shai Gilgeous-Alexander,34,0.6711409395973155,0.302,0.2,HOU,1610612745,104.3,13.9,14.3,0.2,0.302,32.0,8.0,5.0,34.0,0.6711409395973155,36.0,0.5263157894736842,0,0.0
22024,1628983,0022400140,2024-11-01,OKC @ POR,W,28,12,18,0.6666666666666666,1,6,0.167,5,6,0.833,1,6,7,6,1,0,3,1,30,25,1,Shai Gilgeous-Alexander,34,0.7267441860465116,0.348,0.239,POR,1610612757,114.3,21.0,14.7,0.2195,0.32499999999999996,31.0,7.5,5.5,34.0,0.6989425628219135,32.0,0.5964912280701754,0,-30.0
22024,1628983,0022400150,2024-11-02,OKC @ LAC,W,31,7,14,0.5,2,4,0.5,9,9,1.0,0,3,3,9,0,1,3,2,25,8,1,Shai Gilgeous-Alexander,28,0.6959910913140311,0.3,0.218,LAC,1610612746,107.7,19.3,12.0,0.219,0.31666666666666665,29.0,6.0,6.666666666666667,32.0,0.6979587389859527,31.666666666666668,0.5643274853801169,0,1.0
22024,1628983,0022400163,2024-11-04,OKC vs. ORL,W,35,8,16,0.5,1,3,0.333,4,4,1.0,0,6,6,9,1,0,4,4,21,18,1,Shai Gilgeous-Alexander,25,0.5912162162162161,0.268,0.163,ORL,1610612753,104.5,17.3,10.3,0.20500000000000002,0.3045,27.0,6.0,7.25,30.25,0.6712731082935186,32.5,0.5482456140350878,1,2.0
22024,1628983,0022400177,2024-11-06,OKC @ DEN,L,39,10,19,0.5263157894736842,0,3,0.0,8,10,0.8,0,2,2,6,1,1,8,1,28,3,1,Shai Gilgeous-Alexander,19,0.5982905982905983,0.297,0.087,DEN,1610612743,114.2,16.3,14.9,0.1814,0.303,27.2,5.2,7.0,28.0,0.6566766062929345,33.8,0.543859649122807,0,2.0
22024,1628983,0022400192,2024-11-08,OKC vs. HOU,W,29,11,16,0.6875,1,2,0.5,6,7,0.857,1,4,5,4,1,1,3,2,29,5,1,Shai Gilgeous-Alexander,31,0.7599580712788261,0.319,0.231,HOU,1610612745,104.3,13.9,14.3,0.18760000000000002,0.3064,26.6,4.6,6.8,27.4,0.6744400326292366,32.4,0.5760964912280702,1,2.0
22024,1628983,0022400207,2024-11-10,OKC vs. GSW,L,34,6,17,0.35294117647058826,0,2,0.0,12,14,0.857,1,4,5,4,0,1,4,0,24,-11,1,Shai Gilgeous-Alexander,17,0.5181347150259067,0.325,0.096,GSW,1610612744,107.7,15.9,14.3,0.159,0.3018,25.4,4.2,6.4,24.0,0.6327181384251157,33.6,0.5133513931888545,1,2.0
22024,1628983,0022400215,2024-11-11,OKC vs. LAC,W,39,13,21,0.6190476190476191,4,8,0.5,15,16,0.938,0,3,3,9,5,2,1,3,45,8,1,Shai Gilgeous-Alexander,54,0.8024251069900142,0.295,0.249,LAC,1610612746,107.7,19.3,12.0,0.16519999999999999,0.3008,29.4,4.2,6.4,29.2,0.6540049415603123,35.2,0.5371609169983783,1,1.0
22024,1628983,0022400221,2024-11-13,OKC vs. NOP,W,33,12,25,0.48,3,7,0.429,2,3,0.667,0,5,5,5,2,2,2,0,29,18,1,Shai Gilgeous-Alexander,27,0.5509118541033434,0.373,0.209,NOP,1610612740,118.0,18.4,14.8,0.17440000000000003,0.3218,31.0,4.0,5.6,29.6,0.6459440691377377,34.8,0.5331609169983784,1,2.0
22024,1628983,0022400018,2024-11-15,OKC vs. PHX,W,33,11,25,0.44,2,7,0.286,4,4,1.0,3,3,6,4,0,1,2,2,28,21,1,Shai Gilgeous-Alexander,23,0.523168908819133,0.382,0.174,PHX,1610612756,114.3,16.2,12.6,0.1918,0.3388,31.0,4.8,5.2,30.4,0.6309197312434447,33.6,0.5158977591036414,1,2.0
22024,1628983,0022400242,2024-11-17,OKC vs. DAL,L,38,13,19,0.6842105263157895,1,1,1.0,9,11,0.818,0,2,2,8,2,2,1,1,36,8,1,Shai Gilgeous-Alexander,41,0.7550335570469798,0.264,0.223,DAL,1610612742,110.5,15.7,13.9,0.19019999999999998,0.32780000000000004,32.4,4.2,6.0,32.4,0.6299348283970754,35.4,0.5152398643667994,1,2.0
22024,1628983,0022400025,2024-11-19,OKC @ SAS,L,37,11,20,0.55,5,8,0.625,5,6,0.833,0,3,3,8,3,0,4,3,32,2,1,Shai Gilgeous-Alexander,32,0.7067137809187279,0.27,0.2,SAS,1610612759,112.2,16.5,15.9,0.211,0.3168,34.0,3.8,6.8,35.4,0.6676506415756397,36.0,0.5546516290726817,0,2.0
22024,1628983,0022400256,2024-11-20,OKC vs. POR,W,39,7,19,0.3684210526315789,0,2,0.0,14,14,1.0,2,3,5,4,3,1,2,2,28,7,1,Shai Gilgeous-Alexander,27,0.5564387917329093,0.287,0.2,POR,1610612757,114.3,21.0,14.7,0.2012,0.31520000000000004,30.6,4.2,5.8,30.0,0.6184533785242188,36.0,0.5045263157894737,1,1.0
22024,1628983,0022400285,2024-11-25,OKC @ SAC,W,35,13,20,0.65,4,7,0.571,7,11,0.636,0,4,4,11,0,0,6,2,37,15,1,Shai Gilgeous-Alexander,35,0.7447665056360708,0.366,0.192,SAC,1610612758,113.6,18.5,13.1,0.1978,0.31379999999999997,32.2,4.0,7.0,31.6,0.6572243088307641,36.4,0.5385263157894736,0,5.0
22024,1628983,0022400299,2024-11-27,OKC @ GSW,W,39,13,28,0.4642857142857143,3,12,0.25,6,10,0.6,0,9,9,5,1,2,3,3,35,5,1,Shai Gilgeous-Alexander,30,0.5401234567901235,0.393,0.176,GSW,1610612744,107.7,15.9,14.3,0.1982,0.31599999999999995,33.6,4.6,7.2,33.0,0.6606152184249623,37.6,0.5433834586466165,0,2.0
22024,1628983,0022400048,2024-11-29,OKC @ LAL,W,37,13,28,0.4642857142857143,3,10,0.3,7,8,0.875,3,3,6,9,2,1,3,3,36,13,1,Shai Gilgeous-Alexander,35,0.5710659898477157,0.382,0.199,LAL,1610612747,116.9,16.6,15.2,0.19340000000000002,0.3396,33.6,5.4,7.4,31.8,0.6238217049851095,37.4,0.49939849624060156,0,2.0
22024,1628983,0022400075,2024-10-24,OKC @ DEN,W,36,11,24,0.4583333333333333,2,6,0.333,4,5,0.8,2,5,7,8,2,3,2,2,28,8,1,Shai Gilgeous-Alexander,32,0.5343511450381679,0.315,0.193,DEN,1610612743,114.2,16.3,14.9,0.192,0.34859999999999997,32.8,6.2,7.4,31.8,0.5893491778089974,37.2,0.4810651629072682,0,-36.0
22024,1628983,0022400091,2024-10-26,OKC @ CHI,W,29,9,21,0.42857142857142855,2,9,0.222,3,3,1.0,2,6,8,2,4,0,1,1,23,23,1,Shai Gilgeous-Alexander,24,0.5152329749103942,0.291,0.198,CHI,1610612741,118.4,17.7,13.5,0.19160000000000002,0.3494,31.8,6.8,7.0,31.2,0.5811080144444944,35.2,0.49309523809523814,0,2.0
22024,1628983,0022400100,2024-10-27,OKC vs. ATL,W,36,11,24,0.4583333333333333,3,8,0.375,10,11,0.909,2,9,11,9,3,3,1,3,35,24,1,Shai Gilgeous-Alexander,46,0.6067961165048543,0.337,0.265,ATL,1610612737,114.4,20.9,14.7,0.20620000000000002,0.3436,31.4,8.2,6.6,33.4,0.5535139366182512,35.4,0.45476190476190476,1,1.0
22024,1628983,0022400125,2024-10-30,OKC vs. SAS,W,28,7,20,0.35,2,10,0.2,2,2,1.0,0,4,4,5,1,0,1,1,18,3,1,Shai Gilgeous-Alexander,14,0.4310344827586207,0.338,0.096,SAS,1610612759,112.2,16.5,15.9,0.1902,0.3326,28.0,7.2,6.6,30.2,0.5316961418119506,33.2,0.4319047619047619,1,3.0
22024,1626157,0022400308,2024-12-01,NYK vs. NOP,W,25,4,12,0.3333333333333333,1,5,0.2,5,5,1.0,3,16,19,2,1,1,2,1,14,17,1,Karl-Anthony Towns,27,0.49295774647887325,0.267,0.214,NOP,1610612740,118.0,18.4,14.8,0.214,0.267,14.0,19.0,2.0,27.0,0.49295774647887325,25.0,0.3333333333333333,1,0.0
22024,1626157,0022400134,2024-11-01,NYK @ DET,W,27,8,18,0.4444444444444444,3,6,0.5,2,3,0.667,3,8,11,7,2,1,1,1,21,28,1,Karl-Anthony Towns,30,0.5434782608695652,0.299,0.171,DET,1610612765,112.2,20.0,14.9,0.1925,0.28300000000000003,17.5,15.0,4.5,28.5,0.5182180036742192,26.0,0.38888888888888884,0,-30.0
22024,1626157,0022400161,2024-11-04,NYK @ HOU,L,32,7,17,0.4117647058823529,0,2,0.0,3,4,0.75,9,10,19,0,0,1,3,4,17,-26,1,Karl-Anthony Towns,23,0.453091684434968,0.289,0.121,HOU,1610612745,104.3,13.9,14.3,0.16866666666666666,0.285,17.333333333333332,16.333333333333332,3.0,26.666666666666668,0.4965092305944688,28.0,0.39651416122004357,0,3.0
22024,1626157,0022400171,2024-11-06,NYK @ ATL,L,38,11,23,0.4782608695652174,5,9,0.556,7,7,1.0,5,11,16,1,1,3,3,2,34,-12,1,Karl-Anthony Towns,40,0.651840490797546,0.322,0.172,ATL,1610612737,114.4,20.9,14.7,0.16949999999999998,0.29425,21.5,16.25,2.5,30.0,0.5353420456452381,30.5,0.416950838306337,0,2.0
22024,1626157,0022400189,2024-11-08,NYK vs. MIL,W,32,12,20,0.6,4,8,0.5,4,5,0.8,3,8,11,5,0,0,2,4,32,24,1,Karl-Anthony Towns,37,0.7207207207207208,0.324,0.237,MIL,1610612749,112.7,18.5,13.0,0.183,0.30019999999999997,23.6,15.2,3.0,31.4,0.5724177806603347,30.8,0.45356067064506966,1,2.0
22024,1626157,0022400203,2024-11-10,NYK @ IND,L,39,11,19,0.5789473684210527,2,5,0.4,6,8,0.75,1,8,9,0,0,1,2,4,30,-13,1,Karl-Anthony Towns,28,0.6660746003552398,0.267,0.122,IND,1610612754,116.9,18.5,13.5,0.1646,0.3002,26.8,13.2,2.6,31.6,0.607041151435608,33.6,0.5026834776626135,0,2.0
22024,1626157,0022400004,2024-11-12,NYK @ PHI,W,38,7,16,0.4375,2,6,0.333,5,6,0.833,3,10,13,6,1,1,2,3,21,11,1,Karl-Anthony Towns,30,0.5633047210300429,0.233,0.156,PHI,1610612755,112.9,17.9,13.9,0.1616,0.28700000000000003,26.8,13.6,2.4,31.6,0.6110064434677035,35.8,0.5012945887737246,0,2.0
22024,1626157,0022400219,2024-11-13,NYK vs. CHI,L,39,18,30,0.6,6,12,0.5,4,8,0.5,1,9,10,3,3,0,4,5,46,4,1,Karl-Anthony Towns,42,0.6861575178997613,0.375,0.185,CHI,1610612741,118.4,17.7,13.5,0.1744,0.30419999999999997,32.6,11.8,3.0,35.4,0.6576196101606622,37.2,0.538941647597254,1,1.0
22024,1626157,0022400240,2024-11-17,NYK vs. BKN,W,30,10,16,0.625,1,3,0.333,5,5,1.0,4,11,15,6,1,1,1,5,26,14,1,Karl-Anthony Towns,42,0.7142857142857143,0.254,0.254,BKN,1610612751,116.8,19.2,14.1,0.1908,0.29059999999999997,31.0,11.6,4.0,35.8,0.6701086548582958,35.6,0.5682894736842106,1,4.0
22024,1626157,0022400246,2024-11-18,NYK vs. WAS,W,25,8,14,0.5714285714285714,3,4,0.75,5,5,1.0,1,11,12,3,0,0,0,1,24,22,1,Karl-Anthony Towns,33,0.7407407407407408,0.281,0.265,WAS,1610612764,118.9,20.1,15.7,0.19640000000000002,0.28200000000000003,29.4,11.8,3.6,35.0,0.6741126588622998,34.2,0.5625751879699248,1,1.0
22024,1626157,0022400257,2024-11-20,NYK @ PHX,W,34,12,19,0.631578947368421,3,8,0.375,7,8,0.875,1,9,10,2,1,0,3,4,34,23,1,Karl-Anthony Towns,36,0.7548845470692718,0.321,0.171,PHX,1610612756,114.3,16.2,12.6,0.20620000000000002,0.2928,30.2,12.0,4.0,36.6,0.6918746482051061,33.2,0.5731015037593985,0,2.0
22024,1626157,0022400264,2024-11-23,NYK @ UTA,L,39,6,19,0.3157894736842105,1,9,0.111,3,3,1.0,8,8,16,5,0,1,2,2,16,-34,1,Karl-Anthony Towns,23,0.39370078740157477,0.242,0.097,UTA,1610612762,118.1,23.2,15.0,0.19440000000000002,0.2946,29.2,12.6,3.8,35.2,0.6579538614794126,33.4,0.5487593984962406,0,3.0
22024,1626157,0022400283,2024-11-25,NYK @ DEN,W,34,12,15,0.8,2,2,1.0,4,6,0.667,1,14,15,4,3,0,4,4,30,21,1,Karl-Anthony Towns,43,0.8503401360544217,0.28,0.207,DEN,1610612743,114.2,16.3,14.9,0.1988,0.27559999999999996,26.0,13.6,4.0,35.4,0.6907903851103446,32.4,0.5887593984962406,0,2.0
22024,1626157,0022400292,2024-11-27,NYK @ DAL,L,35,7,16,0.4375,2,4,0.5,9,10,0.9,1,13,14,4,0,1,1,4,25,-7,1,Karl-Anthony Towns,33,0.6127450980392157,0.275,0.163,DAL,1610612742,110.5,15.7,13.9,0.1806,0.27980000000000005,25.8,13.4,3.6,33.6,0.6704822618610449,33.4,0.5512593984962406,0,2.0
22024,1626157,0022400040,2024-11-29,NYK @ CHA,W,39,8,16,0.5,2,5,0.4,1,1,1.0,4,8,12,5,1,2,6,4,19,5,1,Karl-Anthony Towns,25,0.5778588807785887,0.244,0.159,CHA,1610612766,113.5,18.8,13.7,0.15940000000000001,0.27240000000000003,24.8,13.4,4.0,32.0,0.6379058898686145,36.2,0.5369736842105264,0,2.0
22024,1626157,0022400061,2024-10-22,NYK @ BOS,L,24,5,9,0.5555555555555556,1,2,0.5,1,1,1.0,0,7,7,3,0,0,0,1,12,-18,1,Karl-Anthony Towns,18,0.6355932203389831,0.184,0.122,BOS,1610612738,111.1,13.6,12.7,0.1496,0.24500000000000002,20.4,12.8,4.2,28.4,0.6140476245225568,34.2,0.5217690058479532,0,-38.0
22024,1626157,0022400081,2024-10-25,NYK vs. IND,W,32,5,11,0.45454545454545453,2,2,1.0,9,10,0.9,4,11,15,0,1,2,0,2,21,17,1,Karl-Anthony Towns,32,0.6818181818181818,0.205,0.242,IND,1610612754,116.9,18.5,13.5,0.1786,0.23760000000000003,21.4,12.6,3.2,30.2,0.6716711034058782,32.8,0.5495202020202019,1,3.0
22024,1626157,0022400106,2024-10-28,NYK vs. CLE,L,32,4,8,0.5,1,2,0.5,4,4,1.0,1,9,10,3,1,0,3,6,13,-1,1,Karl-Anthony Towns,20,0.6659836065573771,0.171,0.105,CLE,1610612739,111.7,16.8,13.6,0.1582,0.21580000000000005,18.0,11.6,3.0,25.6,0.6347997975064693,32.4,0.4895202020202021,1,3.0
22024,1626157,0022400122,2024-10-30,NYK @ MIA,W,39,17,25,0.68,4,5,0.8,6,6,1.0,3,10,13,2,0,0,2,5,44,15,1,Karl-Anthony Towns,49,0.7959479015918958,0.349,0.21,MIA,1610612748,111.6,15.0,14.2,0.1676,0.2306,21.8,11.4,2.6,28.8,0.6714403582170053,33.2,0.5380202020202021,0,2.0
22024,1641705,0022400313,2024-12-01,SAS @ SAC,W,37,11,17,0.6470588235294118,5,9,0.556,7,9,0.778,2,12,14,11,1,3,5,5,34,19,1,Victor Wembanyama,50,0.8110687022900763,0.317,0.23,SAC,1610612758,113.6,18.5,13.1,0.23,0.317,34.0,14.0,11.0,50.0,0.8110687022900763,37.0,0.6470588235294118,0,0.0
22024,1641705,0022400146,2024-11-02,SAS vs. MIN,W,31,7,15,0.4666666666666667,1,7,0.143,2,2,1.0,1,5,6,3,1,2,3,4,17,13,1,Victor Wembanyama,18,0.535264483627204,0.264,0.113,MIN,1610612750,111.4,20.0,13.9,0.1715,0.2905,25.5,10.0,7.0,34.0,0.6731665929586401,34.0,0.5568627450980392,1,-29.0
22024,1641705,0022400168,2024-11-04,SAS @ LAC,L,34,9,22,0.4090909090909091,2,9,0.222,4,4,1.0,2,11,13,3,3,9,2,3,24,-21,1,Victor Wembanyama,37,0.505050505050505,0.338,0.184,LAC,1610612746,107.7,19.3,12.0,0.17566666666666667,0.30633333333333335,25.0,11.0,5.666666666666667,35.0,0.6171278969892618,34.0,0.5076054664289958,0,2.0
22024,1641705,0022400173,2024-11-06,SAS @ HOU,L,25,6,14,0.42857142857142855,1,6,0.167,2,2,1.0,1,5,6,0,1,3,4,0,15,-18,1,Victor Wembanyama,13,0.5040322580645161,0.317,0.1,HOU,1610612745,104.3,13.9,14.3,0.15675,0.309,22.5,9.75,4.25,29.5,0.5888539872580754,31.75,0.487846956964604,0,2.0
22024,1641705,0022400183,2024-11-07,SAS vs. POR,W,32,4,13,0.3076923076923077,2,6,0.333,2,3,0.667,2,6,8,2,4,3,4,0,12,-7,1,Victor Wembanyama,15,0.41899441340782123,0.233,0.088,POR,1610612757,114.3,21.0,14.7,0.14300000000000002,0.2938,20.4,9.4,3.8,26.6,0.5548820724880246,31.8,0.4518160271101448,1,1.0
22024,1641705,0022400197,2024-11-09,SAS vs. UTA,L,33,8,15,0.5333333333333333,6,9,0.667,2,2,1.0,3,13,16,0,0,7,6,3,24,4,1,Victor Wembanyama,34,0.7556675062972292,0.265,0.256,UTA,1610612762,118.1,23.2,15.0,0.14820000000000003,0.28340000000000004,18.4,9.8,1.6,23.4,0.5438018332894551,31.0,0.4290709290709291,1,2.0
22024,1641705,0022400216,2024-11-11,SAS vs. SAC,W,34,13,22,0.5909090909090909,6,12,0.5,2,2,1.0,4,10,14,6,1,3,3,1,34,24,1,Victor Wembanyama,46,0.743006993006993,0.347,0.269,SAC,1610612758,113.6,18.5,13.1,0.1794,0.3,21.8,11.4,2.2,29.0,0.585350335165413,31.6,0.4539194139194139,1,2.0
22024,1641705,0022400224,2024-11-13,SAS vs. WAS,W,32,18,29,0.6206896551724138,8,16,0.5,6,9,0.667,1,5,6,2,1,3,1,3,50,13,1,Victor Wembanyama,47,0.7584951456310679,0.425,0.235,WAS,1610612764,118.9,20.1,15.7,0.1896,0.3174,27.0,10.0,2.0,31.0,0.6360392632815255,31.2,0.4962391631357148,1,2.0
22024,1641705,0022400015,2024-11-15,SAS vs. LAL,L,34,12,25,0.48,4,13,0.308,0,0,0.0,5,9,14,5,1,2,5,2,28,-1,1,Victor Wembanyama,32,0.56,0.375,0.154,LAL,1610612747,116.9,16.6,15.2,0.2004,0.329,29.6,11.6,3.0,34.8,0.6472328116686222,33.0,0.5065248774214292,1,2.0
22024,1641705,0022400269,2024-11-23,SAS vs. GSW,W,34,9,21,0.42857142857142855,4,13,0.308,3,4,0.75,0,7,7,9,1,3,4,3,25,16,1,Victor Wembanyama,28,0.5492091388400703,0.37,0.159,GSW,1610612744,107.7,15.9,14.3,0.21459999999999999,0.3564,32.2,11.4,4.4,37.4,0.673275756755072,33.4,0.5307007015972534,1,8.0
22024,1641705,0022400038,2024-11-26,SAS @ UTA,W,37,13,23,0.5652173913043478,6,14,0.429,2,2,1.0,0,7,7,2,1,3,2,1,34,17,1,Victor Wembanyama,35,0.711892797319933,0.292,0.184,UTA,1610612762,118.1,23.2,15.0,0.2002,0.36179999999999995,34.2,9.6,4.8,37.6,0.6645208149596129,34.2,0.5370775131914562,0,3.0
22024,1641705,0022400296,2024-11-27,SAS vs. LAL,L,33,9,20,0.45,2,9,0.222,0,0,0.0,3,7,10,2,2,3,4,1,20,-13,1,Victor Wembanyama,22,0.5,0.304,0.117,LAL,1610612747,116.9,16.6,15.2,0.1698,0.35319999999999996,31.4,8.8,4.0,32.8,0.6159194163582142,34.0,0.508895695009638,1,1.0
22024,1641705,0022400074,2024-10-24,SAS @ DAL,L,28,5,18,0.2777777777777778,1,8,0.125,6,6,1.0,2,7,9,1,0,1,4,1,17,-20,2,Victor Wembanyama,11,0.4118217054263566,0.352,0.07,DAL,1610612742,110.5,15.7,13.9,0.1368,0.3386,24.8,9.4,3.8,25.6,0.5465847283172719,33.2,0.4403133195307108,0,-34.0
22024,1641705,0022400094,2024-10-26,SAS vs. HOU,W,30,10,17,0.5882352941176471,2,5,0.4,7,8,0.875,1,6,7,1,0,3,3,3,29,0,1,Victor Wembanyama,29,0.7066276803118908,0.329,0.188,HOU,1610612745,104.3,13.9,14.3,0.1436,0.3294,25.0,8.0,3.0,25.0,0.5759102643796502,32.4,0.4619603783542402,1,2.0
22024,1641705,0022400109,2024-10-28,SAS vs. HOU,L,35,6,14,0.42857142857142855,1,5,0.2,1,2,0.5,5,15,20,5,0,4,4,3,14,-7,1,Victor Wembanyama,30,0.4704301075268817,0.235,0.23,HOU,1610612745,104.3,13.9,14.3,0.1578,0.3024,22.8,10.6,2.2,25.4,0.5601544581170124,32.6,0.4619603783542402,1,2.0
22024,1641705,0022400125,2024-10-30,SAS @ OKC,L,27,1,5,0.2,0,3,0.0,4,4,1.0,1,7,8,2,0,3,4,0,6,-4,1,Victor Wembanyama,11,0.4437869822485207,0.157,0.077,OKC,1610612760,103.6,12.3,17.0,0.1364,0.2754,17.2,10.8,2.2,20.6,0.5065332951027299,30.6,0.38891690009337065,0,2.0
22024,1641705,0022400130,2024-10-31,SAS @ UTA,W,34,9,20,0.45,4,13,0.308,3,3,1.0,2,7,9,7,5,5,3,3,25,43,1,Victor Wembanyama,37,0.5863039399624765,0.304,0.26,UTA,1610612762,118.1,23.2,15.0,0.16499999999999998,0.2754,18.2,10.6,3.2,23.6,0.5237940830952252,30.8,0.38891690009337065,0,1.0
22024,203081,0022400145,2024-11-02,MIL vs. CLE,L,39,13,24,0.5416666666666666,10,15,0.667,5,8,0.625,0,4,4,9,0,1,1,4,41,3,1,Damian Lillard,40,0.7449127906976745,0.345,0.198,CLE,1610612739,111.7,16.8,13.6,0.198,0.345,41.0,4.0,9.0,40.0,0.7449127906976745,39.0,0.5416666666666666,1,0.0
22024,203081,0022400154,2024-11-04,MIL @ CLE,L,37,11,22,0.5,5,9,0.556,9,9,1.0,1,1,2,7,0,0,8,1,36,3,1,Damian Lillard,26,0.6933744221879815,0.386,0.132,CLE,1610612739,111.7,16.8,13.6,0.165,0.3655,38.5,3.0,8.0,33.0,0.719143606442828,38.0,0.5208333333333333,0,2.0
22024,203081,0022400182,2024-11-07,MIL vs. UTA,W,37,12,22,0.5454545454545454,4,11,0.364,6,7,0.857,0,4,4,7,4,0,0,2,34,27,1,Damian Lillard,38,0.6778309409888358,0.289,0.239,UTA,1610612762,118.1,23.2,15.0,0.18966666666666665,0.34,37.0,3.3333333333333335,7.666666666666667,34.666666666666664,0.705372717958164,37.666666666666664,0.529040404040404,1,3.0
22024,203081,0022400189,2024-11-08,MIL @ NYK,L,34,6,15,0.4,0,4,0.0,7,7,1.0,1,5,6,6,0,0,1,0,19,-28,1,Damian Lillard,21,0.5254424778761062,0.257,0.146,NYK,1610612752,114.6,14.0,12.9,0.17875,0.31925,32.5,4.0,7.25,31.25,0.6603901579376494,36.75,0.496780303030303,0,1.0
22024,203081,0022400202,2024-11-10,MIL vs. BOS,L,36,4,15,0.26666666666666666,1,8,0.125,5,5,1.0,0,4,4,6,3,0,3,3,14,-14,1,Damian Lillard,13,0.4069767441860465,0.256,0.064,BOS,1610612738,111.1,13.6,12.7,0.1558,0.3066,28.8,4.0,7.0,27.6,0.6097074751873289,36.6,0.4507575757575758,1,2.0
22024,203081,0022400248,2024-11-18,MIL vs. HOU,W,36,6,18,0.3333333333333333,0,6,0.0,6,7,0.857,0,4,4,10,0,0,2,1,18,-4,1,Damian Lillard,17,0.42694497153700195,0.28,0.123,HOU,1610612745,104.3,13.9,14.3,0.14079999999999998,0.29359999999999997,24.2,4.0,7.2,23.0,0.5461139113551944,36.0,0.40909090909090906,1,8.0
22024,203081,0022400253,2024-11-20,MIL vs. CHI,W,36,7,17,0.4117647058823529,2,10,0.2,4,4,1.0,0,5,5,10,0,0,4,2,20,11,1,Damian Lillard,21,0.5330490405117271,0.288,0.119,CHI,1610612741,118.4,17.7,13.5,0.13820000000000002,0.27399999999999997,21.0,4.6,7.8,22.0,0.5140488350199435,35.8,0.3914438502673797,1,2.0
22024,203081,0022400029,2024-11-22,MIL vs. IND,W,37,8,19,0.42105263157894735,3,8,0.375,5,5,1.0,1,4,5,13,1,0,4,2,24,19,1,Damian Lillard,28,0.5660377358490566,0.284,0.133,IND,1610612754,116.9,18.5,13.5,0.11699999999999999,0.273,19.0,4.8,9.0,20.0,0.49169019399198766,35.8,0.36656346749226004,1,2.0
22024,203081,0022400268,2024-11-23,MIL vs. CHA,W,35,9,21,0.42857142857142855,3,9,0.333,10,11,0.909,0,4,4,4,1,0,1,2,31,4,1,Damian Lillard,26,0.5998452012383901,0.31,0.167,CHA,1610612766,113.5,18.8,13.7,0.1212,0.2836,21.4,4.4,8.6,21.0,0.5065707386644445,36.0,0.37227775320654577,1,1.0
22024,203081,0022400036,2024-11-26,MIL @ MIA,W,38,10,17,0.5882352941176471,8,13,0.615,9,9,1.0,0,3,3,12,1,1,4,2,37,0,1,Damian Lillard,43,0.8826335877862596,0.329,0.243,MIA,1610612748,111.6,15.0,14.2,0.157,0.2982,26.0,4.2,9.8,27.0,0.6017021073844872,36.4,0.43659147869674186,0,3.0
22024,203081,0022400302,2024-11-30,MIL vs. WAS,W,40,8,18,0.4444444444444444,5,9,0.556,4,4,1.0,1,4,5,10,3,1,2,2,25,12,1,Damian Lillard,32,0.6325910931174089,0.232,0.158,WAS,1610612764,118.9,20.1,15.7,0.164,0.2886,27.4,4.4,9.8,30.0,0.6428313317005684,37.2,0.45881370091896406,1,4.0
22024,203081,0022400066,2024-10-23,MIL @ PHI,W,38,9,19,0.47368421052631576,6,12,0.5,6,7,0.857,3,6,9,6,0,0,3,1,30,19,1,Damian Lillard,31,0.6793478260869565,0.278,0.192,PHI,1610612755,112.9,17.9,13.9,0.1786,0.2866,29.4,5.2,9.0,32.0,0.6720910888156143,37.6,0.4711976018477566,0,-38.0
22024,203081,0022400083,2024-10-25,MIL vs. CHI,L,36,11,21,0.5238095238095238,3,12,0.25,3,3,1.0,0,4,4,8,0,0,5,1,28,-7,1,Damian Lillard,25,0.6272401433691757,0.3,0.123,CHI,1610612741,118.4,17.7,13.5,0.1766,0.2898,30.2,5.0,8.0,31.4,0.6843315703196382,37.4,0.491748980293872,1,2.0
22024,203081,0022400098,2024-10-27,MIL @ BKN,L,32,5,13,0.38461538461538464,1,7,0.143,10,11,0.909,1,3,4,4,0,0,4,2,21,-9,1,Damian Lillard,16,0.5885650224215246,0.324,0.108,BKN,1610612751,116.8,19.2,14.1,0.1648,0.2926,28.2,5.0,8.0,29.4,0.682075534556265,36.8,0.4829577715026632,0,2.0
22024,203081,0022400104,2024-10-28,MIL @ BOS,L,36,7,15,0.4666666666666667,2,8,0.25,17,18,0.944,1,6,7,7,2,1,1,2,33,-10,1,Damian Lillard,40,0.7198952879581151,0.268,0.245,BOS,1610612738,111.1,13.6,12.7,0.1652,0.28040000000000004,27.4,5.8,7.0,28.8,0.6495278745906361,36.4,0.45864404601246705,0,1.0
22024,203081,0022400128,2024-10-31,MIL @ MEM,L,33,1,12,0.08333333333333333,0,6,0.0,2,2,1.0,1,1,2,6,1,0,1,3,4,-29,1,Damian Lillard,1,0.15527950310559005,0.177,-0.018,MEM,1610612763,108.7,20.3,15.0,0.13,0.2694,23.2,5.2,6.2,22.6,0.5540655565882724,35.0,0.38642182379024487,0,3.0
22024,1628378,0022400307,2024-12-01,CLE vs. BOS,W,35,12,21,0.5714285714285714,6,11,0.545,5,8,0.625,1,6,7,3,2,1,3,3,35,7,1,Donovan Mitchell,33,0.7137030995106036,0.321,0.212,BOS,1610612738,111.1,13.6,12.7,0.212,0.321,35.0,7.0,3.0,33.0,0.7137030995106036,35.0,0.5714285714285714,1,0.0
22024,1628378,0022400133,2024-11-01,CLE vs. ORL,W,22,9,15,0.6,2,5,0.4,2,2,1.0,0,3,3,1,0,0,1,5,22,1,1,Donovan Mitchell,19,0.6926952141057934,0.347,0.214,ORL,1610612753,104.5,17.3,10.3,0.213,0.33399999999999996,28.5,5.0,2.0,26.0,0.7031991568081986,28.5,0.5857142857142856,1,-30.0
22024,1628378,0022400145,2024-11-02,CLE @ MIL,W,35,11,25,0.44,4,8,0.5,4,4,1.0,2,1,3,4,0,0,1,1,30,-8,1,Donovan Mitchell,22,0.5605381165919282,0.35,0.151,MIL,1610612749,112.7,18.5,13.0,0.19233333333333333,0.3393333333333333,29.0,4.333333333333333,2.6666666666666665,24.666666666666668,0.6556454767361084,30.666666666666668,0.5371428571428571,0,1.0
22024,1628378,0022400154,2024-11-04,CLE vs. MIL,W,31,5,15,0.3333333333333333,3,7,0.429,1,2,0.5,0,4,4,4,2,0,4,0,14,3,1,Donovan Mitchell,9,0.44080604534005036,0.278,0.069,MIL,1610612749,112.7,18.5,13.0,0.1615,0.324,25.25,4.25,3.0,20.75,0.6019356188870939,30.75,0.4861904761904762,1,2.0
22024,1628378,0022400175,2024-11-06,CLE @ NOP,W,34,10,20,0.5,3,9,0.333,6,6,1.0,0,4,4,3,1,1,2,1,29,4,1,Donovan Mitchell,26,0.6404593639575972,0.276,0.147,NOP,1610612740,118.0,18.4,14.8,0.1586,0.3144,26.0,4.2,3.0,21.8,0.6096403679011946,31.4,0.4889523809523809,0,2.0
22024,1628378,0022400188,2024-11-08,CLE vs. GSW,W,26,4,13,0.3076923076923077,2,7,0.286,2,2,1.0,0,5,5,4,0,0,4,4,12,7,1,Donovan Mitchell,8,0.4322766570605187,0.29,0.029,GSW,1610612744,107.7,15.9,14.3,0.122,0.3082,21.4,3.8,3.2,16.8,0.5533550794111776,29.6,0.4362051282051282,1,2.0
22024,1628378,0022400199,2024-11-09,CLE vs. BKN,W,35,5,12,0.4166666666666667,4,6,0.667,8,8,1.0,0,1,1,1,1,0,1,2,22,4,1,Donovan Mitchell,17,0.7087628865979382,0.216,0.12,BKN,1610612751,116.8,19.2,14.1,0.1032,0.28200000000000003,21.4,3.4,3.2,16.4,0.5565686139096064,32.2,0.3995384615384615,1,1.0
22024,1628378,0022400212,2024-11-11,CLE @ CHI,W,35,12,26,0.46153846153846156,7,16,0.438,5,6,0.833,1,7,8,2,4,0,0,2,36,7,1,Donovan Mitchell,35,0.6284916201117319,0.341,0.198,CHI,1610612741,118.4,17.7,13.5,0.11259999999999999,0.2802,22.6,4.4,2.8,19.0,0.5701593146135673,32.2,0.40384615384615385,0,2.0
22024,1628378,0022400220,2024-11-13,CLE @ PHI,W,34,9,21,0.42857142857142855,5,13,0.385,0,0,0.0,2,11,13,9,2,0,0,1,23,13,1,Donovan Mitchell,35,0.5476190476190477,0.263,0.219,PHI,1610612755,112.9,17.9,13.9,0.1426,0.2772,24.4,6.2,3.8,24.2,0.5915219150693667,32.8,0.4228937728937729,0,2.0
22024,1628378,0022400013,2024-11-15,CLE vs. CHI,W,34,12,23,0.5217391304347826,7,13,0.538,6,7,0.857,0,7,7,4,1,2,1,2,37,11,1,Donovan Mitchell,38,0.709355828220859,0.321,0.187,CHI,1610612741,118.4,17.7,13.5,0.1506,0.2862,26.0,6.8,4.0,26.6,0.6053012079220191,32.8,0.42724159898072944,1,2.0
22024,1628378,0022400021,2024-11-19,CLE @ BOS,L,40,13,29,0.4482758620689655,3,11,0.273,6,8,0.75,1,7,8,3,0,0,1,4,35,-14,1,Donovan Mitchell,27,0.538130381303813,0.358,0.116,BOS,1610612738,111.1,13.6,12.7,0.16799999999999998,0.29979999999999996,30.6,7.4,3.8,30.4,0.6264719527706779,35.6,0.455358309856061,0,4.0
22024,1628378,0022400252,2024-11-20,CLE vs. NOP,W,20,4,10,0.4,1,5,0.2,1,2,0.5,0,2,2,2,2,0,0,1,10,12,1,Donovan Mitchell,9,0.45955882352941174,0.234,0.092,NOP,1610612740,118.0,18.4,14.8,0.1624,0.3034,28.2,7.6,4.0,28.8,0.5766311401569727,32.6,0.45202497652272766,1,1.0
22024,1628378,0022400275,2024-11-24,CLE vs. TOR,W,35,10,18,0.5555555555555556,5,9,0.556,1,1,1.0,0,4,4,1,1,0,3,2,26,10,1,Donovan Mitchell,21,0.7049891540130151,0.247,0.124,TOR,1610612761,115.6,20.7,15.3,0.1476,0.2846,26.2,6.8,3.8,26.0,0.5919306469372293,32.6,0.4708283953261464,1,4.0
22024,1628378,0022400287,2024-11-27,CLE vs. ATL,L,36,10,24,0.4166666666666667,4,14,0.286,6,8,0.75,0,4,4,7,2,1,3,3,30,0,1,Donovan Mitchell,25,0.5450581395348837,0.32,0.112,ATL,1610612737,114.4,20.9,14.7,0.1262,0.296,27.6,5.0,3.4,24.0,0.5914184653203964,33.0,0.468447442945194,1,3.0
22024,1628378,0022400041,2024-11-29,CLE @ ATL,L,35,5,23,0.21739130434782608,2,10,0.2,0,0,0.0,2,9,11,6,2,0,2,3,12,-13,1,Donovan Mitchell,11,0.2608695652173913,0.301,0.045,ATL,1610612737,114.4,20.9,14.7,0.0978,0.292,22.6,5.8,3.8,18.6,0.5017212127197029,33.2,0.40757787772780274,0,2.0
22024,1628378,0022400067,2024-10-23,CLE @ TOR,W,28,7,14,0.5,2,5,0.4,5,7,0.714,0,2,2,3,3,1,2,2,21,31,1,Donovan Mitchell,19,0.6147540983606558,0.279,0.149,TOR,1610612761,115.6,20.7,15.3,0.1044,0.2762,19.8,4.6,3.8,17.0,0.5170459561310714,30.8,0.41792270531400966,0,-37.0
22024,1628378,0022400080,2024-10-25,CLE vs. DET,W,30,8,21,0.38095238095238093,1,8,0.125,2,4,0.5,1,1,2,5,0,0,2,3,19,11,1,Donovan Mitchell,9,0.4173989455184534,0.338,0.055,DET,1610612765,112.2,20.0,14.9,0.097,0.29700000000000004,21.6,4.6,4.4,17.0,0.5086139805288798,32.8,0.4141131815044859,1,2.0
22024,1628378,0022400090,2024-10-26,CLE @ WAS,W,29,11,18,0.6111111111111112,6,11,0.545,2,3,0.667,1,3,4,5,4,0,5,1,30,18,2,Donovan Mitchell,30,0.7763975155279503,0.32,0.251,WAS,1610612764,118.9,20.1,15.7,0.1224,0.3116,22.4,4.6,5.2,18.8,0.5228956528318669,31.6,0.42522429261559697,0,1.0
22024,1628378,0022400106,2024-10-28,CLE @ NYK,W,33,9,17,0.5294117647058824,3,8,0.375,4,4,1.0,0,2,2,5,0,0,4,3,25,7,1,Donovan Mitchell,20,0.6663113006396588,0.315,0.138,NYK,1610612752,114.6,14.0,12.9,0.1276,0.3106,21.4,4.2,4.8,17.8,0.5471462850528219,31.0,0.4477733122234401,0,2.0
22024,1628378,0022400118,2024-10-30,CLE vs. LAL,W,30,10,20,0.5,4,10,0.4,0,0,0.0,1,2,3,7,3,0,2,3,24,5,1,Donovan Mitchell,25,0.6,0.31,0.146,LAL,1610612747,116.9,16.6,15.2,0.1478,0.3124,23.8,2.6,5.0,20.6,0.6149723720093437,30.0,0.5042950513538749,1,2.0
22024,203076,0022400311,2024-12-01,LAL @ UTA,W,39,13,25,0.52,2,4,0.5,5,6,0.833,1,10,11,0,2,1,1,1,33,6,1,Anthony Davis,33,0.5969609261939218,0.329,0.203,UTA,1610612762,118.1,23.2,15.0,0.203,0.329,33.0,11.0,0.0,33.0,0.5969609261939218,39.0,0.52,0,0.0
22024,203076,0022400137,2024-11-01,LAL @ TOR,W,36,14,20,0.7,0,0,0.0,10,11,0.909,1,10,11,2,3,2,3,0,38,7,1,Anthony Davis,46,0.7648953301127214,0.326,0.239,TOR,1610612761,115.6,20.7,15.3,0.221,0.3275,35.5,11.0,1.0,39.5,0.6809281281533216,37.5,0.61,0,-30.0
22024,203076,0022400156,2024-11-04,LAL @ DET,L,39,13,23,0.5652173913043478,0,4,0.0,11,14,0.786,1,8,9,4,0,0,3,2,37,-1,1,Anthony Davis,34,0.6344307270233196,0.364,0.211,DET,1610612765,112.2,20.0,14.9,0.21766666666666667,0.33966666666666673,36.0,10.333333333333334,2.0,37.666666666666664,0.6654289944433209,38.0,0.595072463768116,0,3.0
22024,203076,0022400195,2024-11-08,LAL vs. PHI,W,36,11,20,0.55,2,3,0.667,7,8,0.875,3,6,9,1,0,4,3,2,31,20,1,Anthony Davis,32,0.6590136054421769,0.329,0.175,PHI,1610612755,112.9,17.9,13.9,0.207,0.337,34.75,10.0,1.75,36.25,0.663825147193035,37.5,0.5838043478260869,1,4.0
22024,203076,0022400211,2024-11-10,LAL vs. TOR,W,26,6,8,0.75,2,2,1.0,8,10,0.8,1,3,4,3,1,2,0,1,22,-3,1,Anthony Davis,28,0.8870967741935484,0.245,0.217,TOR,1610612761,115.6,20.7,15.3,0.209,0.3186,32.2,8.8,2.0,34.6,0.7084794725931376,35.2,0.6170434782608696,1,2.0
22024,203076,0022400225,2024-11-13,LAL vs. MEM,W,32,6,16,0.375,2,3,0.667,7,8,0.875,2,12,14,3,0,3,3,5,21,-6,1,Anthony Davis,27,0.5379098360655737,0.291,0.139,MEM,1610612763,108.7,20.3,15.0,0.19619999999999999,0.31100000000000005,29.8,9.4,2.6,33.4,0.6966692545674681,33.8,0.5880434782608696,1,3.0
22024,203076,0022400015,2024-11-15,LAL @ SAS,W,36,14,26,0.5384615384615384,2,4,0.5,10,12,0.833,5,7,12,2,1,2,2,1,40,12,1,Anthony Davis,41,0.639386189258312,0.4,0.235,SAS,1610612759,112.2,16.5,15.9,0.19540000000000002,0.3258,30.2,9.6,2.6,32.4,0.6715674263965862,33.8,0.5557357859531772,0,2.0
22024,203076,0022400231,2024-11-16,LAL @ NOP,W,37,12,20,0.6,2,4,0.5,5,7,0.714,3,11,14,1,2,1,2,3,31,2,1,Anthony Davis,37,0.67157712305026,0.309,0.211,NOP,1610612740,118.0,18.4,14.8,0.1954,0.3148,29.0,10.6,2.0,33.0,0.6789967056019742,33.4,0.5626923076923076,0,1.0
22024,203076,0022400026,2024-11-19,LAL vs. UTA,W,34,10,15,0.6666666666666666,0,1,0.0,6,10,0.6,4,10,14,6,2,0,0,3,26,4,1,Anthony Davis,39,0.6701030927835052,0.237,0.209,UTA,1610612762,118.1,23.2,15.0,0.20220000000000002,0.2964,28.0,11.6,3.0,34.4,0.6812146030702398,33.0,0.586025641025641,1,3.0
22024,203076,0022400263,2024-11-21,LAL vs. ORL,L,38,14,22,0.6363636363636364,1,1,1.0,10,13,0.769,4,5,9,2,0,3,3,4,39,0,1,Anthony Davis,39,0.7034632034632035,0.345,0.176,ORL,1610612753,104.5,17.3,10.3,0.194,0.3164,31.4,12.6,2.8,36.6,0.6444878889241709,35.4,0.5632983682983683,1,2.0
22024,203076,0022400270,2024-11-23,LAL vs. DEN,L,35,6,19,0.3157894736842105,0,2,0.0,2,3,0.667,3,7,10,3,3,2,1,2,14,-26,1,Anthony Davis,17,0.34448818897637795,0.266,0.081,DEN,1610612743,114.2,16.3,14.9,0.18239999999999998,0.3114,30.0,11.8,2.8,34.6,0.6058035595063317,36.0,0.5514562630352104,1,2.0
22024,203076,0022400039,2024-11-26,LAL @ PHX,L,35,10,19,0.5263157894736842,0,2,0.0,5,7,0.714,2,13,15,5,1,4,3,3,25,-24,1,Anthony Davis,36,0.5661231884057971,0.304,0.172,PHX,1610612756,114.3,16.2,12.6,0.1698,0.29219999999999996,27.0,12.4,3.4,33.6,0.5911509593358287,35.8,0.5490271132376396,0,3.0
22024,203076,0022400296,2024-11-27,LAL @ SAS,W,35,8,14,0.5714285714285714,0,2,0.0,3,3,1.0,4,10,14,7,1,0,1,2,19,16,1,Anthony Davis,34,0.6201044386422976,0.205,0.169,SAS,1610612759,112.2,16.5,15.9,0.1614,0.2714,24.6,12.4,4.6,33.0,0.5808564224542363,35.4,0.5433128275233539,0,1.0
22024,203076,0022400048,2024-11-29,LAL vs. OKC,L,38,5,9,0.5555555555555556,0,0,0.0,5,7,0.714,2,10,12,7,1,4,1,2,15,-5,1,Anthony Davis,32,0.6208609271523179,0.16,0.19,OKC,1610612760,103.6,12.3,17.0,0.15760000000000002,0.25599999999999995,22.4,12.0,4.8,31.6,0.5710079893279988,36.2,0.5210906053011317,1,2.0
22024,203076,0022400062,2024-10-22,LAL vs. MIN,W,38,11,23,0.4782608695652174,1,3,0.333,13,15,0.867,3,13,16,4,1,3,1,1,36,1,1,Anthony Davis,45,0.6081081081081081,0.337,0.309,MIN,1610612750,111.4,20.0,13.9,0.1842,0.2544,21.8,13.4,5.2,32.8,0.5519369702569797,36.2,0.48947005194144777,1,-38.0
22024,203076,0022400085,2024-10-25,LAL vs. PHX,W,37,11,18,0.6111111111111112,0,0,0.0,13,17,0.765,1,7,8,4,1,2,1,2,35,4,1,Anthony Davis,38,0.6868131868131868,0.307,0.189,PHX,1610612756,114.3,16.2,12.6,0.20579999999999998,0.2626,26.0,13.0,5.4,37.0,0.6204019698243415,36.6,0.5485343794268279,1,3.0
22024,203076,0022400096,2024-10-26,LAL vs. SAC,W,38,10,15,0.6666666666666666,1,2,0.5,10,13,0.769,3,6,9,2,3,2,2,1,31,-22,1,Anthony Davis,37,0.7480694980694981,0.235,0.16,SAC,1610612758,113.6,18.5,13.1,0.20340000000000003,0.24879999999999997,27.2,11.8,4.8,37.2,0.6567912317570818,37.2,0.5766045548654244,1,1.0
22024,203076,0022400111,2024-10-28,LAL @ PHX,L,36,12,24,0.5,0,2,0.0,5,6,0.833,5,10,15,3,1,3,3,1,29,14,1,Anthony Davis,35,0.5442942942942943,0.326,0.199,PHX,1610612756,114.3,16.2,12.6,0.20939999999999998,0.273,29.2,12.0,4.0,37.4,0.641629202887481,37.4,0.5623188405797102,0,2.0
22024,203076,0022400118,2024-10-30,LAL @ CLE,L,31,9,17,0.5294117647058824,0,1,0.0,4,8,0.5,1,12,13,2,2,0,4,1,22,-18,1,Anthony Davis,23,0.5360623781676414,0.324,0.135,CLE,1610612739,111.7,16.8,13.6,0.1984,0.3058,30.6,12.2,3.0,35.6,0.6246694930905458,36.0,0.5570900824097755,0,2.0
22024,1627734,0022400313,2024-12-01,SAC vs. SAS,L,37,8,16,0.5,2,4,0.5,7,10,0.7,10,3,13,6,0,0,2,5,25,1,1,Domantas Sabonis,31,0.6127450980392157,0.242,0.106,SAS,1610612759,112.2,16.5,15.9,0.106,0.242,25.0,13.0,6.0,31.0,0.6127450980392157,37.0,0.5,1,0.0
22024,1627734,0022400135,2024-11-01,SAC @ ATL,W,33,5,11,0.45454545454545453,0,0,0.0,5,5,1.0,3,11,14,6,0,0,3,6,15,5,1,Domantas Sabonis,26,0.5681818181818182,0.193,0.122,ATL,1610612737,114.4,20.9,14.7,0.11399999999999999,0.2175,20.0,13.5,6.0,28.5,0.590463458110517,35.0,0.4772727272727273,0,-30.0
22024,1627734,0022400143,2024-11-02,SAC @ TOR,L,43,5,10,0.5,0,1,0.0,7,8,0.875,7,13,20,10,1,0,3,5,17,2,1,Domantas Sabonis,39,0.628698224852071,0.156,0.163,TOR,1610612761,115.6,20.7,15.3,0.13033333333333333,0.19699999999999998,19.0,15.666666666666666,7.333333333333333,32.0,0.6032083803577016,37.666666666666664,0.48484848484848486,0,1.0
22024,1627734,0022400159,2024-11-04,SAC @ MIA,W,38,6,12,0.5,2,4,0.5,2,2,1.0,3,13,16,7,0,0,3,4,16,8,1,Domantas Sabonis,30,0.6211180124223602,0.195,0.174,MIA,1610612748,111.6,15.0,14.2,0.14125,0.1965,18.25,15.75,7.25,31.5,0.6076857883738663,37.75,0.48863636363636365,0,2.0
22024,1627734,0022400180,2024-11-06,SAC vs. TOR,W,34,6,6,1.0,0,0,0.0,5,5,1.0,4,7,11,13,1,0,0,0,17,16,1,Domantas Sabonis,42,1.0365853658536586,0.098,0.245,TOR,1610612761,115.6,20.7,15.3,0.162,0.1768,18.0,14.8,8.4,33.6,0.6934657038698248,37.0,0.5909090909090909,1,2.0
22024,1627734,0022400196,2024-11-08,SAC vs. LAC,L,38,9,12,0.75,0,2,0.0,5,6,0.833,0,12,12,6,1,0,2,4,23,4,1,Domantas Sabonis,36,0.78551912568306,0.213,0.221,LAC,1610612746,107.7,19.3,12.0,0.185,0.17099999999999999,17.6,14.6,8.4,34.6,0.7280205093985936,37.2,0.6409090909090909,1,2.0
22024,1627734,0022400209,2024-11-10,SAC @ PHX,W,39,9,14,0.6428571428571429,0,3,0.0,2,3,0.667,4,8,12,5,0,0,6,6,20,11,1,Domantas Sabonis,25,0.6527415143603134,0.223,0.093,PHX,1610612756,114.3,16.2,12.6,0.1792,0.177,18.6,14.2,8.2,34.4,0.7449324486342926,38.4,0.6785714285714286,0,2.0
22024,1627734,0022400216,2024-11-11,SAC @ SAS,L,36,11,19,0.5789473684210527,1,3,0.333,0,0,0.0,4,8,12,4,2,0,4,5,23,-9,1,Domantas Sabonis,29,0.6052631578947368,0.277,0.155,SAS,1610612759,112.2,16.5,15.9,0.1776,0.2012,19.8,12.6,7.0,32.4,0.7402454352428258,37.0,0.6943609022556391,0,1.0
22024,1627734,0022400227,2024-11-13,SAC vs. PHX,W,30,3,4,0.75,3,3,1.0,2,2,1.0,1,9,10,9,0,1,7,2,11,8,1,Domantas Sabonis,23,1.1270491803278688,0.19,0.153,PHX,1610612756,114.3,16.2,12.6,0.1734,0.2002,18.8,11.4,7.4,31.0,0.8414316688239275,35.4,0.7443609022556391,1,2.0
22024,1627734,0022400020,2024-11-15,SAC vs. MIN,L,40,10,15,0.6666666666666666,0,3,0.0,3,3,1.0,2,10,12,4,0,3,4,1,23,-5,1,Domantas Sabonis,33,0.704656862745098,0.235,0.167,MIN,1610612750,111.4,20.0,13.9,0.1578,0.22759999999999997,20.0,11.6,5.6,29.2,0.7750459682022154,36.6,0.6776942355889725,1,2.0
22024,1627734,0022400034,2024-11-22,SAC @ LAC,L,40,9,17,0.5294117647058824,2,5,0.4,4,4,1.0,2,13,15,4,1,1,6,3,24,-9,1,Domantas Sabonis,31,0.6396588486140724,0.266,0.165,LAC,1610612746,107.7,19.3,12.0,0.1466,0.23820000000000002,20.2,12.2,5.2,28.2,0.7458739127884179,37.0,0.633576588530149,0,7.0
22024,1627734,0022400276,2024-11-24,SAC vs. BKN,L,35,6,12,0.5,1,3,0.333,0,0,0.0,4,14,18,7,1,0,4,4,13,-2,1,Domantas Sabonis,29,0.5416666666666666,0.2,0.196,BKN,1610612751,116.8,19.2,14.1,0.16720000000000002,0.23359999999999997,18.8,13.4,5.6,29.0,0.7236589432496885,36.2,0.6050051599587204,1,2.0
22024,1627734,0022400285,2024-11-25,SAC vs. OKC,L,35,7,11,0.6363636363636364,1,2,0.5,6,8,0.75,2,8,10,3,3,1,4,5,21,-13,1,Domantas Sabonis,28,0.7231404958677686,0.229,0.135,OKC,1610612760,103.6,12.3,17.0,0.1632,0.22400000000000003,18.4,13.0,5.4,28.8,0.7472344108442949,36.0,0.616488413547237,1,1.0
22024,1627734,0022400294,2024-11-27,SAC @ MIN,W,34,10,17,0.5882352941176471,1,2,0.5,6,7,0.857,5,7,12,5,1,0,3,5,27,15,1,Domantas Sabonis,34,0.6723107569721116,0.267,0.179,MIN,1610612750,111.4,20.0,13.9,0.1684,0.2394,21.6,13.4,4.6,31.0,0.6562867261731435,36.8,0.5841354723707666,0,2.0
22024,1627734,0022400049,2024-11-29,SAC @ POR,L,41,8,10,0.8,2,3,0.667,3,4,0.75,2,12,14,11,1,1,5,2,21,-7,1,Domantas Sabonis,40,0.8928571428571429,0.177,0.19,POR,1610612757,114.3,21.0,14.7,0.173,0.2278,21.2,13.8,6.0,32.4,0.6939267821955524,37.0,0.6108021390374331,0,2.0
22024,1627734,0022400076,2024-10-24,SAC vs. MIN,L,38,8,13,0.6153846153846154,3,4,0.75,5,8,0.625,1,7,8,1,2,1,4,4,24,-2,1,Domantas Sabonis,24,0.7263922518159807,0.236,0.13,MIN,1610612750,111.4,20.0,13.9,0.166,0.2218,21.2,12.4,5.4,31.0,0.7112734628359341,36.6,0.6279967091731797,1,-36.0
22024,1627734,0022400096,2024-10-26,SAC @ LAL,L,37,10,14,0.7142857142857143,1,3,0.333,8,9,0.889,3,9,12,10,1,1,2,3,29,11,1,Domantas Sabonis,46,0.8073496659242761,0.235,0.211,LAL,1610612747,116.9,16.6,15.2,0.169,0.22880000000000003,24.4,11.2,6.0,34.4,0.764410062687456,37.0,0.6708538520303227,0,2.0
22024,1627734,0022400112,2024-10-28,SAC vs. POR,W,36,5,8,0.625,1,2,0.5,5,6,0.833,2,11,13,7,0,0,3,4,16,10,1,Domantas Sabonis,29,0.7518796992481203,0.173,0.183,POR,1610612757,114.3,21.0,14.7,0.17859999999999998,0.21760000000000002,23.4,11.8,6.8,34.6,0.7701579033635264,37.2,0.6685811247575953,1,2.0
22024,1627734,0022400115,2024-10-29,SAC @ UTA,W,34,13,18,0.7222222222222222,1,2,0.5,1,2,0.5,3,8,11,4,0,0,3,3,28,23,1,Domantas Sabonis,34,0.7415254237288136,0.268,0.211,UTA,1610612762,118.1,23.2,15.0,0.185,0.2178,23.6,11.6,6.6,34.6,0.7840008367148666,37.2,0.6953785103785104,0,1.0
22024,201935,0022400314,2024-12-01,LAC vs. DEN,W,38,10,26,0.38461538461538464,6,15,0.4,13,13,1.0,2,7,9,11,1,0,5,4,39,14,1,James Harden,39,0.6147540983606558,0.396,0.193,DEN,1610612743,114.2,16.3,14.9,0.193,0.396,39.0,9.0,11.0,39.0,0.6147540983606558,38.0,0.38461538461538464,1,0.0
22024,201935,0022400150,2024-11-02,LAC vs. OKC,L,32,4,13,0.3076923076923077,2,9,0.222,2,2,1.0,0,13,13,7,3,3,2,2,12,-9,1,James Harden,27,0.4322766570605187,0.205,0.181,OKC,1610612760,103.6,12.3,17.0,0.187,0.3005,25.5,11.0,9.0,33.0,0.5235153777105872,35.0,0.34615384615384615,1,-29.0
22024,201935,0022400168,2024-11-04,LAC vs. SAS,W,33,6,10,0.6,3,5,0.6,2,4,0.5,2,6,8,4,1,3,2,3,17,-12,1,James Harden,25,0.7227891156462585,0.173,0.135,SAS,1610612759,112.2,16.5,15.9,0.16966666666666666,0.258,22.666666666666668,10.0,7.333333333333333,30.333333333333332,0.5899399570224776,34.333333333333336,0.4307692307692308,1,2.0
22024,201935,0022400179,2024-11-06,LAC vs. PHI,W,34,5,15,0.3333333333333333,1,6,0.167,7,9,0.778,0,4,4,6,3,1,6,1,18,13,1,James Harden,14,0.47468354430379744,0.352,0.108,PHI,1610612755,112.9,17.9,13.9,0.15425,0.2815,21.5,8.5,7.0,26.25,0.5611258538428076,34.25,0.4064102564102564,1,2.0
22024,201935,0022400196,2024-11-08,LAC @ SAC,W,35,5,16,0.3125,3,6,0.5,9,9,1.0,0,4,4,8,2,0,7,2,22,7,1,James Harden,18,0.5511022044088176,0.333,0.117,SAC,1610612758,113.6,18.5,13.1,0.14679999999999999,0.2918,21.6,7.6,7.2,24.6,0.5591211239560095,34.4,0.3876282051282051,0,2.0
22024,201935,0022400200,2024-11-09,LAC vs. TOR,W,34,5,17,0.29411764705882354,2,8,0.25,12,13,0.923,1,11,12,7,1,0,4,2,24,-2,1,James Harden,27,0.5281690140845071,0.346,0.224,TOR,1610612761,115.6,20.7,15.3,0.15299999999999997,0.2818,18.6,8.2,6.4,22.2,0.54180410710078,33.6,0.3695286576168929,1,1.0
22024,201935,0022400215,2024-11-11,LAC @ OKC,L,37,5,15,0.3333333333333333,3,7,0.429,4,5,0.8,3,8,11,9,0,0,5,5,17,-7,1,James Harden,21,0.49418604651162795,0.232,0.076,OKC,1610612760,103.6,12.3,17.0,0.132,0.2872,19.6,7.8,6.8,21.0,0.5541859849910018,34.6,0.374656862745098,0,2.0
22024,201935,0022400222,2024-11-13,LAC @ HOU,L,31,6,15,0.4,3,8,0.375,4,5,0.8,0,6,6,7,3,0,1,1,19,-12,1,James Harden,24,0.5523255813953488,0.261,0.185,HOU,1610612745,104.3,13.9,14.3,0.142,0.3048,20.0,7.4,7.4,20.8,0.5200932781408198,34.2,0.33465686274509804,0,2.0
22024,201935,0022400016,2024-11-15,LAC @ HOU,L,31,7,14,0.5,3,9,0.333,4,4,1.0,0,6,6,2,0,1,5,3,21,-17,1,James Harden,18,0.666243654822335,0.276,0.106,HOU,1610612745,104.3,13.9,14.3,0.1416,0.2896,20.6,7.8,6.6,21.6,0.5584053002445273,33.6,0.3679901960784314,0,2.0
22024,201935,0022400243,2024-11-17,LAC vs. UTA,W,34,7,14,0.5,2,8,0.25,4,5,0.8,1,5,6,11,2,2,0,1,20,9,1,James Harden,33,0.617283950617284,0.195,0.197,UTA,1610612762,118.1,23.2,15.0,0.15760000000000002,0.262,20.2,8.2,7.2,24.6,0.5716416494862206,33.4,0.40549019607843134,1,2.0
22024,201935,0022400251,2024-11-18,LAC vs. GSW,W,41,4,15,0.26666666666666666,2,6,0.333,2,2,1.0,0,6,6,16,2,2,3,2,12,-4,1,James Harden,24,0.3778337531486146,0.202,0.128,GSW,1610612744,107.7,15.9,14.3,0.13840000000000002,0.23320000000000002,17.8,7.0,9.0,24.0,0.5415745972990421,34.8,0.4,1,1.0
22024,201935,0022400259,2024-11-20,LAC vs. ORL,W,34,5,14,0.35714285714285715,3,6,0.5,11,12,0.917,0,7,7,5,0,0,5,3,24,18,1,James Harden,21,0.6224066390041494,0.295,0.153,ORL,1610612753,104.5,17.3,10.3,0.1538,0.24580000000000002,19.2,6.2,8.2,24.0,0.5672187157975463,34.2,0.40476190476190477,1,2.0
22024,201935,0022400034,2024-11-22,LAC vs. SAC,W,36,5,18,0.2777777777777778,2,10,0.2,10,10,1.0,0,6,6,9,3,1,4,0,22,14,1,James Harden,24,0.4910714285714286,0.295,0.181,SAC,1610612758,113.6,18.5,13.1,0.153,0.2526,19.8,6.2,8.6,24.0,0.5549678852327624,35.2,0.3803174603174603,1,2.0
22024,201935,0022400274,2024-11-24,LAC @ PHI,W,27,4,10,0.4,3,7,0.429,12,12,1.0,0,2,2,8,1,0,4,1,23,30,1,James Harden,24,0.7526178010471204,0.31,0.217,PHI,1610612755,112.9,17.9,13.9,0.17519999999999997,0.25939999999999996,20.2,5.4,9.8,25.2,0.5722427144777195,34.4,0.3603174603174603,0,2.0
22024,201935,0022400281,2024-11-25,LAC @ BOS,L,30,8,17,0.47058823529411764,3,8,0.375,0,0,0.0,0,8,8,9,0,0,5,1,19,-14,1,James Harden,22,0.5588235294117647,0.319,0.157,BOS,1610612738,111.1,13.6,12.7,0.1672,0.28419999999999995,20.0,5.8,9.4,23.0,0.5605506302366156,33.6,0.3544351073762838,0,1.0
22024,201935,0022400291,2024-11-27,LAC @ WAS,W,32,13,22,0.5909090909090909,7,11,0.636,10,11,0.909,1,3,4,7,3,0,4,0,43,25,1,James Harden,43,0.801043219076006,0.388,0.328,WAS,1610612764,118.9,20.1,15.7,0.2072,0.3214,26.2,5.4,7.6,26.8,0.6451925234220938,31.8,0.4192835922247687,0,2.0
22024,201935,0022400044,2024-11-29,LAC @ MIN,L,37,7,20,0.35,3,9,0.333,3,4,0.75,0,6,6,11,5,0,4,1,20,-3,1,James Harden,24,0.45955882352941174,0.325,0.184,MIN,1610612750,111.4,20.0,13.9,0.21339999999999998,0.3274,25.4,5.2,8.8,27.4,0.6126229603271462,32.4,0.41785502079619724,0,2.0
22024,201935,0022400071,2024-10-23,LAC vs. PHX,L,40,10,28,0.35714285714285715,2,9,0.222,7,9,0.778,3,9,12,8,1,0,8,3,29,-4,1,James Harden,22,0.4536921151439299,0.394,0.126,PHX,1610612756,114.3,16.2,12.6,0.2024,0.34720000000000006,26.8,6.4,8.6,27.0,0.6051470976416465,33.2,0.43372803666921317,1,-37.0
22024,201935,0022400087,2024-10-26,LAC @ DEN,W,38,5,11,0.45454545454545453,1,5,0.2,12,13,0.923,0,6,6,16,1,1,7,5,23,3,1,James Harden,33,0.687799043062201,0.296,0.172,DEN,1610612743,114.2,16.3,14.9,0.1934,0.3444,26.8,7.2,10.2,28.8,0.5921833460446626,35.4,0.444637127578304,0,3.0
22024,201935,0022400101,2024-10-27,LAC @ GSW,W,36,6,19,0.3157894736842105,2,12,0.167,9,9,1.0,1,6,7,11,0,0,5,1,23,4,1,James Harden,23,0.5008710801393728,0.322,0.144,GSW,1610612744,107.7,15.9,14.3,0.19080000000000003,0.34500000000000003,27.6,7.0,10.6,29.0,0.5805928561901843,36.6,0.41367737525632264,0,1.0
22024,201935,0022400127,2024-10-30,LAC vs. POR,L,32,6,18,0.3333333333333333,5,11,0.455,2,4,0.5,0,5,5,10,3,0,5,2,19,1,1,James Harden,18,0.4807692307692307,0.333,0.139,POR,1610612757,114.3,21.0,14.7,0.153,0.33399999999999996,22.8,7.2,11.2,24.0,0.5165380585288292,36.6,0.36216222374117113,1,3.0
22024,201935,0022400131,2024-10-31,LAC vs. PHX,L,36,8,19,0.42105263157894735,3,10,0.3,6,7,0.857,0,10,10,13,2,2,6,2,25,-2,1,James Harden,34,0.5661231884057971,0.311,0.17,PHX,1610612756,114.3,16.2,12.6,0.15019999999999997,0.33120000000000005,23.8,8.0,11.6,26.0,0.5378509315041062,36.4,0.3763727500569606,1,1.0
